geneID,variable,value
METTL5,goC,GO:0042995
METTL5,goC,GO:0005634
METTL5,goC,GO:0098794
METTL5,goC,GO:0098793
RIOK3,goC,GO:0005829
RIOK3,goC,GO:0030688
EXOSC8,goC,GO:0005694
EXOSC8,goC,GO:0005737
EXOSC8,goC,GO:0000177
EXOSC8,goC,GO:0005829
EXOSC8,goC,GO:0000178
EXOSC8,goC,GO:0001650
EXOSC8,goC,GO:0043231
EXOSC8,goC,GO:0000176
EXOSC8,goC,GO:0101019
EXOSC8,goC,GO:0005730
EXOSC8,goC,GO:0005654
EXOSC8,goC,GO:0005634
PA2G4,goC,GO:0035578
PA2G4,goC,GO:0005737
PA2G4,goC,GO:0070062
PA2G4,goC,GO:0005576
PA2G4,goC,GO:0016020
PA2G4,goC,GO:0005730
PA2G4,goC,GO:0005634
PA2G4,goC,GO:1990904
EXOSC7,goC,GO:0000177
EXOSC7,goC,GO:0005829
EXOSC7,goC,GO:0000178
EXOSC7,goC,GO:0000176
EXOSC7,goC,GO:0101019
EXOSC7,goC,GO:0005730
EXOSC7,goC,GO:0005654
EXOSC7,goC,GO:0005634
DDX21,goC,GO:0110016
DDX21,goC,GO:0005694
DDX21,goC,GO:0005829
DDX21,goC,GO:0016020
DDX21,goC,GO:0005739
DDX21,goC,GO:0005730
DDX21,goC,GO:0005654
FDXACB1,goC,GO:0005737
ISG20L2,goC,GO:0005730
ISG20L2,goC,GO:0005634
LRRC47,goC,GO:0005575
RPP25,goC,GO:0034451
RPP25,goC,GO:0030681
RPP25,goC,GO:0005730
RPP25,goC,GO:0005654
RPP25,goC,GO:0000172
EXOSC6,goC,GO:0000177
EXOSC6,goC,GO:0005829
EXOSC6,goC,GO:0000178
EXOSC6,goC,GO:0000176
EXOSC6,goC,GO:0101019
EXOSC6,goC,GO:0005730
EXOSC6,goC,GO:0005654
EXOSC6,goC,GO:0005634
PIN4,goC,GO:0005694
PIN4,goC,GO:0005737
PIN4,goC,GO:0005759
PIN4,goC,GO:0005730
PIN4,goC,GO:0005654
PIN4,goC,GO:0005634
PIN4,goC,GO:0030684
PIN4,goC,GO:0005819
ERI1,goC,GO:0005737
ERI1,goC,GO:0071204
ERI1,goC,GO:0005730
ERI1,goC,GO:0005634
PARN,goC,GO:0005737
PARN,goC,GO:0005829
PARN,goC,GO:0098978
PARN,goC,GO:0016607
PARN,goC,GO:0005730
PARN,goC,GO:0005634
PARN,goC,GO:0098794
EIF1AD,goC,GO:0005829
EIF1AD,goC,GO:0043231
EIF1AD,goC,GO:0005654
EIF1AD,goC,GO:0005634
NGDN,goC,GO:0030424
NGDN,goC,GO:0000775
NGDN,goC,GO:0030425
NGDN,goC,GO:0030175
NGDN,goC,GO:0098978
NGDN,goC,GO:0005739
NGDN,goC,GO:0005730
NGDN,goC,GO:0005654
NGDN,goC,GO:0140240
NGDN,goC,GO:0098794
NGDN,goC,GO:0032040
XPO5,goC,GO:0005737
XPO5,goC,GO:0005829
XPO5,goC,GO:0005654
XPO5,goC,GO:0005634
XPO5,goC,GO:0016442
XPO5,goC,GO:0042565
TAH1,goC,GO:0005737
TAH1,goC,GO:0005634
TAH1,goC,GO:0097255
ARB1,goC,GO:0005737
ARB1,goC,GO:0005634
NHP2,goC,GO:0031429
NHP2,goC,GO:0005730
NHP2,goC,GO:0005732
MDN1,goC,GO:0005739
MDN1,goC,GO:0005730
MDN1,goC,GO:0005654
MDN1,goC,GO:0005634
MDN1,goC,GO:0030687
KRR1,goC,GO:0030686
KRR1,goC,GO:0005730
KRR1,goC,GO:0005654
KRR1,goC,GO:0030688
KRR1,goC,GO:0032040
DBP2,goC,GO:0005737
DBP2,goC,GO:0005739
DBP2,goC,GO:0005634
DBP2,goC,GO:1990904
RCL1,goC,GO:0030686
RCL1,goC,GO:0005730
RCL1,goC,GO:0005654
RCL1,goC,GO:0032040
YGR283C,goC,GO:0005730
YMR310C,goC,GO:0005634
PNO1,goC,GO:0030686
PNO1,goC,GO:0005737
PNO1,goC,GO:0005730
PNO1,goC,GO:0005634
DBP3,goC,GO:0005730
DBP3,goC,GO:0030687
RLP7,goC,GO:0022625
RLP7,goC,GO:0005730
RLP7,goC,GO:0030687
NOB1,goC,GO:0005737
NOB1,goC,GO:0005783
NOB1,goC,GO:0005730
NOB1,goC,GO:0005634
NOB1,goC,GO:0030688
DBP5,goC,GO:0005934
DBP5,goC,GO:0005737
DBP5,goC,GO:0010494
DBP5,goC,GO:0031965
DBP5,goC,GO:0044614
DBP5,goC,GO:0005634
DBP5,goC,GO:0005844
RPA135,goC,GO:0005694
RPA135,goC,GO:0005829
RPA135,goC,GO:0001650
RPA135,goC,GO:0005654
RPA135,goC,GO:0005736
BUD23,goC,GO:0005737
BUD23,goC,GO:0005730
BUD23,goC,GO:0005634
BUD23,goC,GO:0043527
TGS1,goC,GO:0015030
TGS1,goC,GO:0005737
TGS1,goC,GO:0005829
TGS1,goC,GO:0005615
TGS1,goC,GO:0005730
TGS1,goC,GO:0005654
TGS1,goC,GO:0005634
TGS1,goC,GO:0030532
FAL1,goC,GO:0071013
FAL1,goC,GO:0097078
FAL1,goC,GO:0005730
FAL1,goC,GO:0030688
FAL1,goC,GO:0032040
KRE33,goC,GO:0030686
KRE33,goC,GO:0005730
KRE33,goC,GO:0030688
KRE33,goC,GO:0032040
NOP2,goC,GO:0005730
NOP2,goC,GO:0005654
NOP2,goC,GO:0005634
NOP2,goC,GO:0030687
RIO2,goC,GO:0005737
RIO2,goC,GO:0010494
RIO2,goC,GO:0005829
RIO2,goC,GO:0005634
RIO2,goC,GO:0030688
PUS7,goC,GO:0031429
PUS7,goC,GO:0005737
PUS7,goC,GO:0005654
PUS7,goC,GO:0005634
DIM1,goC,GO:0030686
DIM1,goC,GO:0005737
DIM1,goC,GO:0005730
DIM1,goC,GO:0030688
RPO21,goC,GO:0005694
RPO21,goC,GO:0005737
RPO21,goC,GO:0005654
RPO21,goC,GO:0005634
RPO21,goC,GO:0005665
CFD1,goC,GO:0005737
CFD1,goC,GO:0005829
CFD1,goC,GO:1990229
CFD1,goC,GO:1904564
NBP35,goC,GO:0005737
NBP35,goC,GO:0005829
NBP35,goC,GO:1990229
NBP35,goC,GO:1904564
NBP35,goC,GO:0005634
RLP24,goC,GO:0005737
RLP24,goC,GO:0005730
RLP24,goC,GO:0030687
NOG1,goC,GO:0005737
NOG1,goC,GO:0005730
NOG1,goC,GO:0030687
RLI1,goC,GO:0005737
RLI1,goC,GO:0005634
CBF5,goC,GO:0030686
CBF5,goC,GO:0031429
CBF5,goC,GO:0000775
CBF5,goC,GO:0005737
CBF5,goC,GO:0005874
CBF5,goC,GO:0005730
FAP7,goC,GO:0005737
FAP7,goC,GO:0010494
FAP7,goC,GO:0005634
RPB5,goC,GO:0005829
RPB5,goC,GO:0005654
RPB5,goC,GO:0005634
RPB5,goC,GO:0005736
RPB5,goC,GO:0005665
RPB5,goC,GO:0005666
RPB5,goC,GO:1990062
SNU13,goC,GO:0031428
SNU13,goC,GO:0005730
SNU13,goC,GO:0005654
SNU13,goC,GO:0005634
SNU13,goC,GO:0071011
SNU13,goC,GO:0032040
SNU13,goC,GO:0005681
SNU13,goC,GO:0005687
SNU13,goC,GO:0071001
SNU13,goC,GO:0046540
RIO1,goC,GO:0005737
RIO1,goC,GO:0005829
RIO1,goC,GO:0030874
RIO1,goC,GO:0005634
RIO1,goC,GO:0030688
SDO1,goC,GO:0005737
SDO1,goC,GO:0005634
TIF6,goC,GO:0005737
TIF6,goC,GO:0005829
TIF6,goC,GO:0005730
TIF6,goC,GO:0005634
TIF6,goC,GO:0030687
NOP1,goC,GO:0030686
NOP1,goC,GO:0031428
NOP1,goC,GO:0005730
NOP1,goC,GO:0005654
NOP1,goC,GO:0032040
NOP56,goC,GO:0030686
NOP56,goC,GO:0031428
NOP56,goC,GO:0005730
NOP56,goC,GO:0005654
NOP56,goC,GO:0005634
NOP56,goC,GO:0032040
NOP58,goC,GO:0030686
NOP58,goC,GO:0031428
NOP58,goC,GO:0005730
NOP58,goC,GO:0005654
NOP58,goC,GO:0032040
SPB1,goC,GO:0005730
SPB1,goC,GO:0005634
SPB1,goC,GO:0030687
TSR3,goC,GO:0005737
TSR3,goC,GO:0005634
DBP6,goC,GO:0005730
DBP6,goC,GO:0005634
DBP6,goC,GO:0030687
DIS3,goC,GO:0000177
DIS3,goC,GO:0000178
DIS3,goC,GO:0005739
DIS3,goC,GO:0000176
DIS3,goC,GO:0005730
DIS3,goC,GO:0005634
RIA1,goC,GO:0005737
RIA1,goC,GO:0005829
RIA1,goC,GO:1990904
TRM112,goC,GO:0005829
TRM112,goC,GO:0005654
TRM112,goC,GO:0048471
TRM112,goC,GO:0032991
RRP4,goC,GO:0000177
RRP4,goC,GO:0000178
RRP4,goC,GO:0000176
RRP4,goC,GO:0005730
RRP4,goC,GO:0005634
RRP45,goC,GO:0000177
RRP45,goC,GO:0000178
RRP45,goC,GO:0000176
RRP45,goC,GO:0005730
RRP45,goC,GO:0005634
SKI6,goC,GO:0000177
SKI6,goC,GO:0000178
SKI6,goC,GO:0000176
SKI6,goC,GO:0005730
SKI6,goC,GO:0005634
RRP3,goC,GO:0005730
RRP3,goC,GO:0005654
RRP3,goC,GO:0005634
RRP3,goC,GO:0032040
DBP8,goC,GO:0030686
DBP8,goC,GO:0005730
DBP8,goC,GO:0005654
DBP8,goC,GO:0005634
DBP8,goC,GO:0032040
NOP10,goC,GO:0031429
NOP10,goC,GO:0090661
NOP10,goC,GO:0005730
NOP10,goC,GO:0005732
RPB11,goC,GO:0005665
SPB4,goC,GO:0030686
SPB4,goC,GO:0005730
SPB4,goC,GO:0005654
SPB4,goC,GO:0030687
ROK1,goC,GO:0030686
ROK1,goC,GO:0005730
ROK1,goC,GO:0005654
ROK1,goC,GO:0032040
DBP9,goC,GO:0005730
HAS1,goC,GO:0030686
HAS1,goC,GO:0005635
HAS1,goC,GO:0005730
HAS1,goC,GO:0030687
HAS1,goC,GO:0032040
DBP7,goC,GO:0005730
DBP7,goC,GO:0005634
DBP10,goC,GO:0005730
DBP10,goC,GO:0030687
HCA4,goC,GO:0005730
HCA4,goC,GO:0005634
HCA4,goC,GO:0032040
DRS1,goC,GO:0005730
DRS1,goC,GO:0030687
MAK5,goC,GO:0005730
EMG1,goC,GO:0030686
EMG1,goC,GO:0005737
EMG1,goC,GO:0005880
EMG1,goC,GO:0034399
EMG1,goC,GO:0005730
EMG1,goC,GO:0005654
EMG1,goC,GO:0005634
EMG1,goC,GO:0032040
NOG2,goC,GO:0005730
NOG2,goC,GO:0005654
NOG2,goC,GO:0005634
NOG2,goC,GO:0030687
FCF1,goC,GO:0005730
FCF1,goC,GO:0005654
FCF1,goC,GO:0032040
SEN1,goC,GO:0005737
SEN1,goC,GO:0035649
SEN1,goC,GO:0016604
SEN1,goC,GO:0005730
SEN1,goC,GO:0005634
SEN1,goC,GO:0005657
SEN1,goC,GO:0032040
RNT1,goC,GO:0005730
RNT1,goC,GO:0005654
RNT1,goC,GO:0005634
RVB2,goC,GO:0070209
RVB2,goC,GO:0000785
RVB2,goC,GO:0031011
RVB2,goC,GO:0035267
RVB2,goC,GO:0005634
RVB2,goC,GO:0097255
RVB2,goC,GO:0000812
ACL4,goC,GO:0005680
ACL4,goC,GO:0005737
ACL4,goC,GO:0005634
NUG1,goC,GO:0005730
NUG1,goC,GO:0005634
NUG1,goC,GO:0030687
JJJ1,goC,GO:0005737
JJJ1,goC,GO:0005829
JJJ1,goC,GO:0005739
JJJ1,goC,GO:0005730
POP4,goC,GO:0005655
POP4,goC,GO:0000172
POP4,goC,GO:0030677
SRD1,goC,GO:0005737
SRD1,goC,GO:0005634
SAM2,goC,GO:0005829
SAM2,goC,GO:0048269
CKA2,goC,GO:0032545
CKA2,goC,GO:0005829
CKA2,goC,GO:0005730
CKA2,goC,GO:0005654
CKA2,goC,GO:0005634
CKA2,goC,GO:0005956
CKA2,goC,GO:0032040
CKA2,goC,GO:0034456
CKA1,goC,GO:0032545
CKA1,goC,GO:0005829
CKA1,goC,GO:0005730
CKA1,goC,GO:0005654
CKA1,goC,GO:0005634
CKA1,goC,GO:0005956
CKA1,goC,GO:0032040
CKA1,goC,GO:0034456
POP5,goC,GO:0005737
POP5,goC,GO:0005655
POP5,goC,GO:0000172
RRP5,goC,GO:0030686
RRP5,goC,GO:0005730
RRP5,goC,GO:0005654
RRP5,goC,GO:0032040
MRT4,goC,GO:0005737
MRT4,goC,GO:0005730
MRT4,goC,GO:0005654
MRT4,goC,GO:0005634
MRT4,goC,GO:0030687
MRT4,goC,GO:0032040
AIR1,goC,GO:0005737
AIR1,goC,GO:0005730
AIR1,goC,GO:0031499
AIR2,goC,GO:0005730
AIR2,goC,GO:0031499
YAR1,goC,GO:0005737
YAR1,goC,GO:0030907
YAR1,goC,GO:0005634
YAR1,goC,GO:0033309
CIC1,goC,GO:0031429
CIC1,goC,GO:0005730
CIC1,goC,GO:0030687
CIC1,goC,GO:0000502
RRP40,goC,GO:0000177
RRP40,goC,GO:0000178
RRP40,goC,GO:0000176
RRP40,goC,GO:0005730
RRP40,goC,GO:0005634
RPA190,goC,GO:0005694
RPA190,goC,GO:0005654
RPA190,goC,GO:0005736
MTR3,goC,GO:0000177
MTR3,goC,GO:0000178
MTR3,goC,GO:0000176
MTR3,goC,GO:0005730
MTR3,goC,GO:0005634
MAK11,goC,GO:0016020
MAK11,goC,GO:0031965
MAK11,goC,GO:0005730
UTP30,goC,GO:0030686
UTP30,goC,GO:0005730
UTP30,goC,GO:0005634
UTP30,goC,GO:0032040
RVB1,goC,GO:0070209
RVB1,goC,GO:0000785
RVB1,goC,GO:0031011
RVB1,goC,GO:0035267
RVB1,goC,GO:0005634
RVB1,goC,GO:0097255
RVB1,goC,GO:0000812
RRP17,goC,GO:0005737
RRP17,goC,GO:0005730
NMD3,goC,GO:0005737
NMD3,goC,GO:0005829
NMD3,goC,GO:0005654
NMD3,goC,GO:0005634
RSA4,goC,GO:0005730
REH1,goC,GO:0005737
REH1,goC,GO:0030687
RRP7,goC,GO:0032545
RRP7,goC,GO:0005730
RRP7,goC,GO:0005654
RRP7,goC,GO:0005634
RRP7,goC,GO:0032040
RRP7,goC,GO:0034456
SSA3,goC,GO:0005737
SSA3,goC,GO:0005829
SSA3,goC,GO:0005634
SSA3,goC,GO:0005886
SSA4,goC,GO:0005737
SSA4,goC,GO:0005829
SSA4,goC,GO:0005634
SSA4,goC,GO:0005886
SSA1,goC,GO:0005737
SSA1,goC,GO:0005829
SSA1,goC,GO:0005576
SSA1,goC,GO:0009277
SSA1,goC,GO:0000329
SSA1,goC,GO:0005634
SSA1,goC,GO:0005886
SSA1,goC,GO:0005844
SSA1,goC,GO:0017053
SSA2,goC,GO:0005737
SSA2,goC,GO:0005829
SSA2,goC,GO:0005576
SSA2,goC,GO:0009277
SSA2,goC,GO:0000329
SSA2,goC,GO:0005739
SSA2,goC,GO:0005634
SSA2,goC,GO:0005886
SSA2,goC,GO:0005844
SSA2,goC,GO:0017053
RKM2,goC,GO:0005575
HIT1,goC,GO:0005737
HIT1,goC,GO:0005634
HIT1,goC,GO:0070761
GRC3,goC,GO:0090730
GRC3,goC,GO:0030874
GRC3,goC,GO:0005634
ARX1,goC,GO:0005737
ARX1,goC,GO:0005730
ARX1,goC,GO:0005654
ARX1,goC,GO:0005634
ARX1,goC,GO:0030687
XRN1,goC,GO:0005737
XRN1,goC,GO:0010494
XRN1,goC,GO:0005829
XRN1,goC,GO:0090512
XRN1,goC,GO:0005874
XRN1,goC,GO:0005634
XRN1,goC,GO:0000932
XRN1,goC,GO:0048471
CIA1,goC,GO:0097361
CIA1,goC,GO:0005737
CIA1,goC,GO:0005829
CIA1,goC,GO:0005634
RAT1,goC,GO:0090730
RAT1,goC,GO:0005739
RAT1,goC,GO:0005634
RAT1,goC,GO:0110103
TMA23,goC,GO:0005730
NSR1,goC,GO:0005739
NSR1,goC,GO:0005635
NSR1,goC,GO:0005730
NSR1,goC,GO:0005634
NSR1,goC,GO:0032040
NAF1,goC,GO:0005654
NAF1,goC,GO:0005634
NAF1,goC,GO:0005732
RRP15,goC,GO:0005730
RRP15,goC,GO:0005634
RRP15,goC,GO:0030687
RRP14,goC,GO:0005730
RRP46,goC,GO:0000177
RRP46,goC,GO:0000178
RRP46,goC,GO:0000176
RRP46,goC,GO:0005730
RRP46,goC,GO:0005634
DHR2,goC,GO:0005730
DHR2,goC,GO:0005654
DHR2,goC,GO:0032040
YCR087C-A,goC,GO:0005730
IMP4,goC,GO:0030686
IMP4,goC,GO:0034457
IMP4,goC,GO:0005730
IMP4,goC,GO:0005654
IMP4,goC,GO:0032040
CMS1,goC,GO:0030686
CMS1,goC,GO:0005737
CMS1,goC,GO:0005634
RRP42,goC,GO:0000177
RRP42,goC,GO:0000178
RRP42,goC,GO:0000176
RRP42,goC,GO:0005730
RRP42,goC,GO:0005634
RRP36,goC,GO:0030686
RRP36,goC,GO:0005730
RRP36,goC,GO:0005654
RRP36,goC,GO:0032040
LCP5,goC,GO:0005730
LCP5,goC,GO:0030532
LCP5,goC,GO:0032040
LCP5,goC,GO:0005732
IPI3,goC,GO:0005656
IPI3,goC,GO:0005654
IPI3,goC,GO:0005634
IPI3,goC,GO:0097344
HSP82,goC,GO:0005737
HSP82,goC,GO:0005829
HSP82,goC,GO:0005634
HSP82,goC,GO:0048471
HSP82,goC,GO:0005886
HSP82,goC,GO:0032991
SSB2,goC,GO:0005737
SSB2,goC,GO:0010494
SSB2,goC,GO:0005886
SSB2,goC,GO:0005844
EFG1,goC,GO:0030685
EFG1,goC,GO:0005730
EFG1,goC,GO:0030688
SQS1,goC,GO:0030686
SQS1,goC,GO:0005737
SQS1,goC,GO:0005730
SQS1,goC,GO:0005634
SQS1,goC,GO:0030687
SQS1,goC,GO:0030688
YVH1,goC,GO:0005737
YVH1,goC,GO:0010494
YVH1,goC,GO:0005634
TSR2,goC,GO:0005737
TSR2,goC,GO:0005634
BMT6,goC,GO:0005737
BMT6,goC,GO:0005634
UBA2,goC,GO:0005737
UBA2,goC,GO:0005634
UBA2,goC,GO:0031510
CKB1,goC,GO:0032545
CKB1,goC,GO:0005737
CKB1,goC,GO:0005730
CKB1,goC,GO:0005654
CKB1,goC,GO:0005956
CKB1,goC,GO:0032040
CKB1,goC,GO:0034456
RPF1,goC,GO:0005730
RPF1,goC,GO:0030687
GAR1,goC,GO:0031429
GAR1,goC,GO:0005730
CSL4,goC,GO:0005737
CSL4,goC,GO:0000177
CSL4,goC,GO:0000178
CSL4,goC,GO:0000176
CSL4,goC,GO:0005730
CSL4,goC,GO:0005634
RRP6,goC,GO:0000178
RRP6,goC,GO:0000176
RRP6,goC,GO:0005730
RRP6,goC,GO:0005634
PWP2,goC,GO:0030686
PWP2,goC,GO:0005737
PWP2,goC,GO:0005730
PWP2,goC,GO:0005654
PWP2,goC,GO:0034388
PWP2,goC,GO:0032040
UTP13,goC,GO:0030686
UTP13,goC,GO:0005730
UTP13,goC,GO:0005654
UTP13,goC,GO:0034388
UTP13,goC,GO:0032040
NOP6,goC,GO:0030686
NOP6,goC,GO:0005730
NOP6,goC,GO:0032040
NOP16,goC,GO:0005730
NOP16,goC,GO:0005634
NOP16,goC,GO:0030687
IPI1,goC,GO:0005829
IPI1,goC,GO:0005654
IPI1,goC,GO:0005634
IPI1,goC,GO:0097344
REX2,goC,GO:0005739
PXR1,goC,GO:0005730
PXR1,goC,GO:0005654
PXR1,goC,GO:0032040
SGD1,goC,GO:0097078
SGD1,goC,GO:0005730
SGD1,goC,GO:0005634
SGD1,goC,GO:0032040
NAN1,goC,GO:0030686
NAN1,goC,GO:0005730
NAN1,goC,GO:0005654
NAN1,goC,GO:0033553
NAN1,goC,GO:0032040
NAN1,goC,GO:0034455
YTM1,goC,GO:0005730
YTM1,goC,GO:0005654
YTM1,goC,GO:0005634
YTM1,goC,GO:0070545
YTM1,goC,GO:0030687
RCM1,goC,GO:0005730
RCM1,goC,GO:0005634
NIP7,goC,GO:0005737
NIP7,goC,GO:0005730
NIP7,goC,GO:0005634
NIP7,goC,GO:0030687
LAS1,goC,GO:0005737
LAS1,goC,GO:0090730
LAS1,goC,GO:0005739
LAS1,goC,GO:0005730
LAS1,goC,GO:0005634
LAS1,goC,GO:0030687
BCD1,goC,GO:0005737
BCD1,goC,GO:0005634
BCD1,goC,GO:0070761
RPP1,goC,GO:0005829
RPP1,goC,GO:0005655
RPP1,goC,GO:0005634
RPP1,goC,GO:0000172
KAP114,goC,GO:0005737
KAP114,goC,GO:0005829
KAP114,goC,GO:0005635
KAP114,goC,GO:0005643
KAP114,goC,GO:0005634
NOP53,goC,GO:0000176
NOP53,goC,GO:0005730
NOP53,goC,GO:0005654
NOP53,goC,GO:0005634
UTP6,goC,GO:0030686
UTP6,goC,GO:0005730
UTP6,goC,GO:0005654
UTP6,goC,GO:0034388
UTP6,goC,GO:0032040
TSR4,goC,GO:0005737
KRI1,goC,GO:0030686
KRI1,goC,GO:0005730
FCF2,goC,GO:0005730
FCF2,goC,GO:0005634
BUD20,goC,GO:0005737
BUD20,goC,GO:0005634
BUD20,goC,GO:0030687
RPB8,goC,GO:0005829
RPB8,goC,GO:0005654
RPB8,goC,GO:0005634
RPB8,goC,GO:0032993
RPB8,goC,GO:0005736
RPB8,goC,GO:0005665
RPB8,goC,GO:0005666
RIX7,goC,GO:0005730
RIX7,goC,GO:0005634
RIX7,goC,GO:0030687
NOP12,goC,GO:0005730
NOP12,goC,GO:0030684
UTP5,goC,GO:0005730
UTP5,goC,GO:0005654
UTP5,goC,GO:0033553
UTP5,goC,GO:0032040
UTP5,goC,GO:0034455
SAS10,goC,GO:0005730
SAS10,goC,GO:0005654
SAS10,goC,GO:0005634
SAS10,goC,GO:0032040
REX4,goC,GO:0005730
REX4,goC,GO:0005634
RNH70,goC,GO:0005634
MEX67,goC,GO:0005737
MEX67,goC,GO:0005643
MEX67,goC,GO:0042272
MEX67,goC,GO:0005634
POP1,goC,GO:0005737
POP1,goC,GO:0005655
POP1,goC,GO:0000172
POP1,goC,GO:0005697
MTR4,goC,GO:0005730
MTR4,goC,GO:0005634
MTR4,goC,GO:0031499
UTP23,goC,GO:0005739
UTP23,goC,GO:0005730
UTP23,goC,GO:0005654
UTP23,goC,GO:0032040
RRS1,goC,GO:0034399
RRS1,goC,GO:0005730
RRS1,goC,GO:0005654
RRS1,goC,GO:0030687
GSP1,goC,GO:0005737
GSP1,goC,GO:0005829
GSP1,goC,GO:0005634
GSP2,goC,GO:0005737
GSP2,goC,GO:0005634
RNA1,goC,GO:0000781
RNA1,goC,GO:0005829
RNA1,goC,GO:0005634
RNA1,goC,GO:0048471
DIP2,goC,GO:0030686
DIP2,goC,GO:0005730
DIP2,goC,GO:0005654
DIP2,goC,GO:0034388
DIP2,goC,GO:0032040
SMT3,goC,GO:0000794
SMT3,goC,GO:0005634
SMT3,goC,GO:0005940
RAI1,goC,GO:0005829
RAI1,goC,GO:0090730
RAI1,goC,GO:0005634
RAI1,goC,GO:0110103
PRP43,goC,GO:0030686
PRP43,goC,GO:0005739
PRP43,goC,GO:0005730
PRP43,goC,GO:0071014
PRP43,goC,GO:0032040
PRP43,goC,GO:0005681
NOP9,goC,GO:0030686
NOP9,goC,GO:0005730
NOP9,goC,GO:0005634
NOP9,goC,GO:0030688
NOP9,goC,GO:0032040
ECM16,goC,GO:0030686
ECM16,goC,GO:0005739
ECM16,goC,GO:0005730
ECM16,goC,GO:0005654
ECM16,goC,GO:0032040
NMD5,goC,GO:0005737
NMD5,goC,GO:0005829
NMD5,goC,GO:0005635
NMD5,goC,GO:0034399
NMD5,goC,GO:0005634
UBC9,goC,GO:0000794
UBC9,goC,GO:0005634
TRF5,goC,GO:0005730
TRF5,goC,GO:0031499
PAP2,goC,GO:0005829
PAP2,goC,GO:0005730
PAP2,goC,GO:0005634
PAP2,goC,GO:0031499
SOF1,goC,GO:0030686
SOF1,goC,GO:0005730
SOF1,goC,GO:0005654
SOF1,goC,GO:0032040
PSE1,goC,GO:0005737
PSE1,goC,GO:0005634
MPP10,goC,GO:0030686
MPP10,goC,GO:0034457
MPP10,goC,GO:0005730
MPP10,goC,GO:0005654
MPP10,goC,GO:0005634
MPP10,goC,GO:0032040
MPP10,goC,GO:0005732
LSG1,goC,GO:0005737
LSG1,goC,GO:0005829
LSG1,goC,GO:0022625
LSG1,goC,GO:0043332
HRR25,goC,GO:0005935
HRR25,goC,GO:0005934
HRR25,goC,GO:0000775
HRR25,goC,GO:0005737
HRR25,goC,GO:0005829
HRR25,goC,GO:0005794
HRR25,goC,GO:0033551
HRR25,goC,GO:0005730
HRR25,goC,GO:0005654
HRR25,goC,GO:0005634
HRR25,goC,GO:0000407
HRR25,goC,GO:0005886
HRR25,goC,GO:0030688
HRR25,goC,GO:0005816
UTP14,goC,GO:0005730
UTP14,goC,GO:0005654
UTP14,goC,GO:0032040
KAP104,goC,GO:0005929
KAP104,goC,GO:0005737
KAP104,goC,GO:0005829
KAP104,goC,GO:0070062
KAP104,goC,GO:0005634
BFR2,goC,GO:0030686
BFR2,goC,GO:0005730
BFR2,goC,GO:0032040
UTP18,goC,GO:0030686
UTP18,goC,GO:0005730
UTP18,goC,GO:0005654
UTP18,goC,GO:0034388
UTP18,goC,GO:0032040
RRP8,goC,GO:0030686
RRP8,goC,GO:0000781
RRP8,goC,GO:0005730
RRP1,goC,GO:0005730
RRP1,goC,GO:0005634
RRP1,goC,GO:0030687
RRP1,goC,GO:0030688
PUF6,goC,GO:0005934
PUF6,goC,GO:0101031
PUF6,goC,GO:0015934
PUF6,goC,GO:0005730
PUF6,goC,GO:0005634
PUF6,goC,GO:0030687
NSA2,goC,GO:0005730
NSA2,goC,GO:0005634
NSA2,goC,GO:0030687
NOC3,goC,GO:0030691
NOC3,goC,GO:0005656
NOC3,goC,GO:0005730
NOC3,goC,GO:0005654
NOC3,goC,GO:0005634
UTP15,goC,GO:0030686
UTP15,goC,GO:0005730
UTP15,goC,GO:0005654
UTP15,goC,GO:0033553
UTP15,goC,GO:0032040
UTP15,goC,GO:0034455
ULP1,goC,GO:0005635
ULP1,goC,GO:0005730
ULP1,goC,GO:0005634
RRP9,goC,GO:0030686
RRP9,goC,GO:0031428
RRP9,goC,GO:0005730
RRP9,goC,GO:0005654
RRP9,goC,GO:0032040
RRB1,goC,GO:0005730
NOP4,goC,GO:0005730
NOP4,goC,GO:0005634
NOP4,goC,GO:1990904
NAR1,goC,GO:0097361
NAR1,goC,GO:0005829
NAR1,goC,GO:0016020
NAR1,goC,GO:0005634
IMP3,goC,GO:0030686
IMP3,goC,GO:0034457
IMP3,goC,GO:0005730
IMP3,goC,GO:0005654
IMP3,goC,GO:0032040
EBP2,goC,GO:0034399
EBP2,goC,GO:0005730
EBP2,goC,GO:0030687
UTP4,goC,GO:0030686
UTP4,goC,GO:0005730
UTP4,goC,GO:0005654
UTP4,goC,GO:0032040
UTP4,goC,GO:0034455
UTP21,goC,GO:0030686
UTP21,goC,GO:0005730
UTP21,goC,GO:0005654
UTP21,goC,GO:0005634
UTP21,goC,GO:0034388
UTP21,goC,GO:0032040
UTP11,goC,GO:0005730
UTP11,goC,GO:0005654
UTP11,goC,GO:0032040
UTP11,goC,GO:0005732
NOP15,goC,GO:0005737
NOP15,goC,GO:0005730
NOP15,goC,GO:0005634
NOP15,goC,GO:0030687
NOC4,goC,GO:0030686
NOC4,goC,GO:0005829
NOC4,goC,GO:0030692
NOC4,goC,GO:0005730
NOC4,goC,GO:0005654
NOC4,goC,GO:0005634
NOC4,goC,GO:0030688
NOC4,goC,GO:0032040
UTP10,goC,GO:0030686
UTP10,goC,GO:0005739
UTP10,goC,GO:0005730
UTP10,goC,GO:0005654
UTP10,goC,GO:0030688
UTP10,goC,GO:0033553
UTP10,goC,GO:0032040
UTP10,goC,GO:0034455
MAK16,goC,GO:0005730
MAK16,goC,GO:0030687
RSP5,goC,GO:0030479
RSP5,goC,GO:0005934
RSP5,goC,GO:0005737
RSP5,goC,GO:0010008
RSP5,goC,GO:0005794
RSP5,goC,GO:0005739
RSP5,goC,GO:0005634
RSP5,goC,GO:0005886
RSP5,goC,GO:1990306
RSP5,goC,GO:0000151
KAP95,goC,GO:0005737
KAP95,goC,GO:0005829
KAP95,goC,GO:0042564
KAP95,goC,GO:0005635
KAP95,goC,GO:0005643
KAP95,goC,GO:0005634
DRS2,goC,GO:1990530
DRS2,goC,GO:0005783
DRS2,goC,GO:1990531
DRS2,goC,GO:0005886
DRS2,goC,GO:0005802
CKB2,goC,GO:0032545
CKB2,goC,GO:0005737
CKB2,goC,GO:0005730
CKB2,goC,GO:0005654
CKB2,goC,GO:0005956
CKB2,goC,GO:0032040
CKB2,goC,GO:0034456
UTP7,goC,GO:0030686
UTP7,goC,GO:0005730
UTP7,goC,GO:0005654
UTP7,goC,GO:0030688
UTP7,goC,GO:0032040
NOP7,goC,GO:0005730
NOP7,goC,GO:0005654
NOP7,goC,GO:0005634
NOP7,goC,GO:0070545
NOP7,goC,GO:0030687
BRX1,goC,GO:0005730
BRX1,goC,GO:0030687
TSR1,goC,GO:0030686
TSR1,goC,GO:0005737
TSR1,goC,GO:0005730
TSR1,goC,GO:0005634
TSR1,goC,GO:0030688
ENP2,goC,GO:0030686
ENP2,goC,GO:0005730
ENP2,goC,GO:0032040
BMS1,goC,GO:0030686
BMS1,goC,GO:0005737
BMS1,goC,GO:0005739
BMS1,goC,GO:0005730
BMS1,goC,GO:0005654
BMS1,goC,GO:0005634
BMS1,goC,GO:0032040
CRM1,goC,GO:0005737
CRM1,goC,GO:0000776
CRM1,goC,GO:0005634
CRM1,goC,GO:0048471
CRM1,goC,GO:0005816
MRD1,goC,GO:0030686
MRD1,goC,GO:0005737
MRD1,goC,GO:0005730
MRD1,goC,GO:0005634
MRD1,goC,GO:0071014
MRD1,goC,GO:1990904
MRD1,goC,GO:0032040
SSF1,goC,GO:0005730
SSF1,goC,GO:0030687
SSF2,goC,GO:0005730
SSF2,goC,GO:0030687
RRP12,goC,GO:0030686
RRP12,goC,GO:0005737
RRP12,goC,GO:0005730
RRP12,goC,GO:0005634
RRP12,goC,GO:0030688
RRP12,goC,GO:0005840
ESF2,goC,GO:0005737
ESF2,goC,GO:0005730
ESF2,goC,GO:0032040
REI1,goC,GO:0005737
REI1,goC,GO:0030687
PWP1,goC,GO:0005737
PWP1,goC,GO:0005730
PWP1,goC,GO:0005634
NOC2,goC,GO:0005739
NOC2,goC,GO:0030690
NOC2,goC,GO:0030691
NOC2,goC,GO:0005730
NOC2,goC,GO:0005654
NOC2,goC,GO:0005634
NOC2,goC,GO:0030687
ESF1,goC,GO:0005730
ESF1,goC,GO:0005634
ESF1,goC,GO:0032040
NOP14,goC,GO:0030686
NOP14,goC,GO:0005739
NOP14,goC,GO:0030692
NOP14,goC,GO:0005730
NOP14,goC,GO:0005654
NOP14,goC,GO:0005634
NOP14,goC,GO:0030688
NOP14,goC,GO:0032040
UTP22,goC,GO:0030686
UTP22,goC,GO:0032545
UTP22,goC,GO:0005730
UTP22,goC,GO:0005654
UTP22,goC,GO:0005634
UTP22,goC,GO:0032040
UTP22,goC,GO:0034456
RPF2,goC,GO:0005730
RPF2,goC,GO:0030687
KAP123,goC,GO:0005737
KAP123,goC,GO:0010494
KAP123,goC,GO:0005643
KAP123,goC,GO:0005634
UTP20,goC,GO:0030686
UTP20,goC,GO:0005737
UTP20,goC,GO:0005730
UTP20,goC,GO:0005654
UTP20,goC,GO:0030688
UTP20,goC,GO:0032040
NAP1,goC,GO:0032153
NAP1,goC,GO:0032174
NAP1,goC,GO:0000785
NAP1,goC,GO:0005737
NAP1,goC,GO:1990317
NAP1,goC,GO:0005634
ERB1,goC,GO:0005730
ERB1,goC,GO:0005654
ERB1,goC,GO:0005634
ERB1,goC,GO:0070545
ERB1,goC,GO:0030687
UTP25,goC,GO:0005730
UTP25,goC,GO:0005654
UTP25,goC,GO:0005634
UTP25,goC,GO:0032040
MAK21,goC,GO:0030690
MAK21,goC,GO:0005730
MAK21,goC,GO:0005634
MAK21,goC,GO:0030687
ENP1,goC,GO:0030686
ENP1,goC,GO:0005737
ENP1,goC,GO:0005730
ENP1,goC,GO:0005634
ENP1,goC,GO:0030688
ENP1,goC,GO:0032040
SDA1,goC,GO:0005730
SDA1,goC,GO:0005634
BMT5,goC,GO:0005737
BMT5,goC,GO:0005730
BMT5,goC,GO:0005634
URB1,goC,GO:0005730
URB1,goC,GO:0005634
NOP13,goC,GO:0005730
NOP13,goC,GO:0005634
NOP13,goC,GO:0030684
BCP1,goC,GO:0005737
BCP1,goC,GO:0005634
BMT2,goC,GO:0005730
LTV1,goC,GO:0005737
LTV1,goC,GO:0005829
LTV1,goC,GO:0005770
LTV1,goC,GO:0031902
LTV1,goC,GO:0005730
LTV1,goC,GO:0005634
LTV1,goC,GO:0030688
LTV1,goC,GO:0071986
LTV1,goC,GO:0032040
SQT1,goC,GO:0005737
SQT1,goC,GO:0005829
SXM1,goC,GO:0005737
SXM1,goC,GO:0005829
SXM1,goC,GO:0005635
SXM1,goC,GO:0005643
SXM1,goC,GO:0005634
AFG2,goC,GO:0005737
AFG2,goC,GO:0030687
URB2,goC,GO:0005730
URB2,goC,GO:0005634
NPL3,goC,GO:0005737
NPL3,goC,GO:0010494
NPL3,goC,GO:0005634
NPL3,goC,GO:1990904
RRP43,goC,GO:0005737
RRP43,goC,GO:0000177
RRP43,goC,GO:0000178
RRP43,goC,GO:0000176
RRP43,goC,GO:0005730
RRP43,goC,GO:0005654
RRP43,goC,GO:0005634
FAF1,goC,GO:0005737
FAF1,goC,GO:0005730
FAF1,goC,GO:0005634
RMP1,goC,GO:0005737
RMP1,goC,GO:0016020
RMP1,goC,GO:0005730
RMP1,goC,GO:0005634
RMP1,goC,GO:0000172
RSA3,goC,GO:0005730
RSA3,goC,GO:0005634
RSA3,goC,GO:0030687
HCR1,goC,GO:0010494
HCR1,goC,GO:0016282
HCR1,goC,GO:0033290
HCR1,goC,GO:0005852
POP7,goC,GO:0005655
POP7,goC,GO:0000172
POP7,goC,GO:0005697
LRP1,goC,GO:0000178
LRP1,goC,GO:0005730
LRP1,goC,GO:0005634
LOC1,goC,GO:0101031
LOC1,goC,GO:0005737
LOC1,goC,GO:0005730
LOC1,goC,GO:0005634
LOC1,goC,GO:0030687
NOP8,goC,GO:0005730
NOP8,goC,GO:0005634
POP8,goC,GO:0005829
POP8,goC,GO:0005655
POP8,goC,GO:0005634
POP8,goC,GO:0000172
MPP6,goC,GO:0005829
MPP6,goC,GO:0005634
POP3,goC,GO:0005829
POP3,goC,GO:0005655
POP3,goC,GO:0005634
POP3,goC,GO:0000172
BUD21,goC,GO:0030686
BUD21,goC,GO:0005730
BUD21,goC,GO:0032040
SNM1,goC,GO:0005655
SNM1,goC,GO:0000172
SLX9,goC,GO:0030686
SLX9,goC,GO:0005730
SLX9,goC,GO:0005634
SLX9,goC,GO:0030688
SLX9,goC,GO:0032040
POP6,goC,GO:0005829
POP6,goC,GO:0005655
POP6,goC,GO:0005634
POP6,goC,GO:0000172
POP6,goC,GO:0005697
UTP9,goC,GO:0030686
UTP9,goC,GO:0005730
UTP9,goC,GO:0005634
UTP9,goC,GO:0033553
UTP9,goC,GO:0032040
UTP9,goC,GO:0034455
FYV7,goC,GO:0005730
FYV7,goC,GO:0005634
FYV7,goC,GO:0032040
CGR1,goC,GO:0005730
CGR1,goC,GO:0005634
CGR1,goC,GO:0030687
NOP19,goC,GO:0030686
NOP19,goC,GO:0005730
NOP19,goC,GO:0005654
NOP19,goC,GO:0005634
NOP19,goC,GO:0032040
RSA1,goC,GO:0005654
MTR2,goC,GO:0044613
MTR2,goC,GO:0042272
MTR2,goC,GO:0005634
ECM1,goC,GO:0005737
ECM1,goC,GO:0005730
ECM1,goC,GO:0005634
ECM1,goC,GO:0030687
ALB1,goC,GO:0005737
ALB1,goC,GO:0005634
RIX1,goC,GO:0005829
RIX1,goC,GO:0005654
RIX1,goC,GO:0005634
RIX1,goC,GO:0097344
UTP8,goC,GO:0030686
UTP8,goC,GO:0005730
UTP8,goC,GO:0033553
UTP8,goC,GO:0032040
UTP8,goC,GO:0034455
PIH1,goC,GO:0005737
PIH1,goC,GO:0005634
PIH1,goC,GO:0097255
PIH1,goC,GO:1990904
NSA1,goC,GO:0005730
NSA1,goC,GO:0005634
NSA1,goC,GO:0030687
SHQ1,goC,GO:0005737
SHQ1,goC,GO:0005829
SHQ1,goC,GO:0005654
SHQ1,goC,GO:0005634
NGL2,goC,GO:0005737
NGL2,goC,GO:0005634
SYO1,goC,GO:0005737
SYO1,goC,GO:0005634
METTL5,goF,GO:0003676
METTL5,goF,GO:0008988
METTL5,goF,GO:1904047
METTL5,goF,GO:0016740
RIOK3,goF,GO:0005524
RIOK3,goF,GO:0089720
RIOK3,goF,GO:0046872
RIOK3,goF,GO:0106310
RIOK3,goF,GO:0004674
EXOSC8,goF,GO:0042802
EXOSC8,goF,GO:0035925
PA2G4,goF,GO:0003676
PA2G4,goF,GO:0003723
PA2G4,goF,GO:0003714
PA2G4,goF,GO:0031625
EXOSC7,goF,GO:0000175
EXOSC7,goF,GO:0003723
DDX21,goF,GO:0097322
DDX21,goF,GO:0005524
DDX21,goF,GO:0016887
DDX21,goF,GO:0003725
DDX21,goF,GO:0042802
DDX21,goF,GO:0035198
DDX21,goF,GO:0003723
DDX21,goF,GO:0003724
DDX21,goF,GO:0019843
DDX21,goF,GO:0030515
FDXACB1,goF,GO:0070042
ISG20L2,goF,GO:0000175
ISG20L2,goF,GO:0004527
ISG20L2,goF,GO:0003723
LRRC47,goF,GO:0004826
LRRC47,goF,GO:0003723
RPP25,goF,GO:0004526
RPP25,goF,GO:0033204
RPP25,goF,GO:0003723
EXOSC6,goF,GO:0003723
PIN4,goF,GO:0003681
PIN4,goF,GO:0003677
PIN4,goF,GO:0003690
PIN4,goF,GO:0003755
PIN4,goF,GO:0003723
ERI1,goF,GO:0008408
ERI1,goF,GO:0000175
ERI1,goF,GO:0071207
ERI1,goF,GO:0046872
ERI1,goF,GO:0043022
ERI1,goF,GO:0019843
PARN,goF,GO:0000175
PARN,goF,GO:0043169
PARN,goF,GO:0046872
PARN,goF,GO:0003730
PARN,goF,GO:0004518
PARN,goF,GO:0004535
PARN,goF,GO:0019901
PARN,goF,GO:0003723
PARN,goF,GO:0070034
EIF1AD,goF,GO:0003723
EIF1AD,goF,GO:0003743
NGDN,goF,GO:0003723
NGDN,goF,GO:0045182
XPO5,goF,GO:0003729
XPO5,goF,GO:0005049
XPO5,goF,GO:0070883
XPO5,goF,GO:1905172
XPO5,goF,GO:0003723
XPO5,goF,GO:0031267
XPO5,goF,GO:0000049
TAH1,goF,GO:0051087
TAH1,goF,GO:0030544
TAH1,goF,GO:0051879
ARB1,goF,GO:0005524
ARB1,goF,GO:0016887
NHP2,goF,GO:0034513
NHP2,goF,GO:0003723
MDN1,goF,GO:0005524
MDN1,goF,GO:0016887
KRR1,goF,GO:0003723
DBP2,goF,GO:0005524
DBP2,goF,GO:0016887
DBP2,goF,GO:0008186
DBP2,goF,GO:0003729
DBP2,goF,GO:0003723
DBP2,goF,GO:0003724
DBP2,goF,GO:0030515
RCL1,goF,GO:0004521
RCL1,goF,GO:0008047
YGR283C,goF,GO:0008168
YMR310C,goF,GO:0008168
PNO1,goF,GO:0003723
PNO1,goF,GO:0051082
DBP3,goF,GO:0005524
DBP3,goF,GO:0016887
DBP3,goF,GO:0008186
DBP3,goF,GO:0003723
DBP3,goF,GO:0003724
RLP7,goF,GO:0003729
RLP7,goF,GO:0003723
RLP7,goF,GO:0042134
RLP7,goF,GO:0003735
NOB1,goF,GO:0004521
NOB1,goF,GO:0046872
NOB1,goF,GO:0070181
DBP5,goF,GO:0005524
DBP5,goF,GO:0016887
DBP5,goF,GO:0008186
DBP5,goF,GO:0003723
DBP5,goF,GO:0003724
RPA135,goF,GO:0003677
RPA135,goF,GO:0003899
RPA135,goF,GO:0046872
RPA135,goF,GO:0032549
BUD23,goF,GO:0016435
TGS1,goF,GO:0008173
TGS1,goF,GO:0071164
FAL1,goF,GO:0005524
FAL1,goF,GO:0016887
FAL1,goF,GO:0003729
FAL1,goF,GO:0003723
FAL1,goF,GO:0003724
KRE33,goF,GO:0005524
KRE33,goF,GO:1990883
KRE33,goF,GO:0030515
KRE33,goF,GO:0000049
NOP2,goF,GO:0003723
NOP2,goF,GO:0009383
RIO2,goF,GO:0005524
RIO2,goF,GO:0046872
RIO2,goF,GO:0004672
RIO2,goF,GO:0106310
RIO2,goF,GO:0004674
PUS7,goF,GO:0009982
PUS7,goF,GO:0003723
PUS7,goF,GO:0106029
DIM1,goF,GO:0052909
DIM1,goF,GO:0003723
DIM1,goF,GO:0000179
RPO21,goF,GO:0003677
RPO21,goF,GO:0003899
RPO21,goF,GO:0019900
RPO21,goF,GO:0046872
RPO21,goF,GO:1990841
RPO21,goF,GO:0008022
RPO21,goF,GO:0003723
RPO21,goF,GO:0003968
RPO21,goF,GO:0031625
CFD1,goF,GO:0051539
CFD1,goF,GO:0005524
CFD1,goF,GO:0140663
CFD1,goF,GO:0051536
CFD1,goF,GO:0046872
NBP35,goF,GO:0051539
NBP35,goF,GO:0005524
NBP35,goF,GO:0016887
NBP35,goF,GO:0140663
NBP35,goF,GO:0005506
NBP35,goF,GO:0051536
RLP24,goF,GO:0001671
RLP24,goF,GO:0051117
NOG1,goF,GO:0005525
NOG1,goF,GO:0003924
NOG1,goF,GO:0003723
RLI1,goF,GO:0005524
RLI1,goF,GO:0005506
RLI1,goF,GO:0043024
RLI1,goF,GO:0003743
CBF5,goF,GO:0003677
CBF5,goF,GO:0003729
CBF5,goF,GO:0009982
FAP7,goF,GO:0004017
FAP7,goF,GO:0005524
FAP7,goF,GO:0016887
RPB5,goF,GO:0003677
RPB5,goF,GO:0003899
SNU13,goF,GO:0003723
SNU13,goF,GO:0034511
SNU13,goF,GO:0030621
RIO1,goF,GO:0005524
RIO1,goF,GO:0016787
RIO1,goF,GO:0046872
RIO1,goF,GO:0004672
RIO1,goF,GO:0106310
RIO1,goF,GO:0004674
SDO1,goF,GO:0005085
TIF6,goF,GO:0043023
TIF6,goF,GO:0043022
TIF6,goF,GO:0003743
NOP1,goF,GO:1990259
NOP1,goF,GO:0008171
NOP1,goF,GO:0003723
NOP1,goF,GO:0008649
NOP56,goF,GO:0003729
NOP56,goF,GO:0030515
NOP58,goF,GO:0003729
NOP58,goF,GO:0030515
NOP58,goF,GO:0017069
SPB1,goF,GO:0008173
SPB1,goF,GO:0016435
SPB1,goF,GO:0070039
SPB1,goF,GO:0008650
TSR3,goF,GO:0106388
TSR3,goF,GO:1904047
DBP6,goF,GO:0005524
DBP6,goF,GO:0016887
DBP6,goF,GO:0003723
DBP6,goF,GO:0003724
DIS3,goF,GO:0000175
DIS3,goF,GO:0004519
DIS3,goF,GO:0004521
DIS3,goF,GO:0000049
RIA1,goF,GO:0005525
RIA1,goF,GO:0003924
RIA1,goF,GO:0043022
TRM112,goF,GO:0046982
TRM112,goF,GO:0008276
RRP4,goF,GO:0003723
RRP45,goF,GO:0003723
SKI6,goF,GO:0003723
RRP3,goF,GO:0005524
RRP3,goF,GO:0016887
RRP3,goF,GO:0008186
RRP3,goF,GO:0003723
RRP3,goF,GO:0003724
DBP8,goF,GO:0005524
DBP8,goF,GO:0016887
DBP8,goF,GO:0003723
DBP8,goF,GO:0003724
NOP10,goF,GO:0034513
NOP10,goF,GO:0003723
NOP10,goF,GO:0070034
RPB11,goF,GO:0003677
RPB11,goF,GO:0046983
RPB11,goF,GO:0001055
SPB4,goF,GO:0005524
SPB4,goF,GO:0016887
SPB4,goF,GO:0003723
SPB4,goF,GO:0003724
ROK1,goF,GO:0005524
ROK1,goF,GO:0016887
ROK1,goF,GO:0008186
ROK1,goF,GO:0003723
ROK1,goF,GO:0003724
DBP9,goF,GO:0005524
DBP9,goF,GO:0016887
DBP9,goF,GO:0003678
DBP9,goF,GO:0033677
DBP9,goF,GO:0003729
DBP9,goF,GO:0003724
HAS1,goF,GO:0005524
HAS1,goF,GO:0016887
HAS1,goF,GO:0008186
HAS1,goF,GO:0042802
HAS1,goF,GO:0003723
HAS1,goF,GO:0003724
DBP7,goF,GO:0005524
DBP7,goF,GO:0016887
DBP7,goF,GO:0003723
DBP7,goF,GO:0003724
DBP10,goF,GO:0005524
DBP10,goF,GO:0016887
DBP10,goF,GO:0042802
DBP10,goF,GO:0003723
DBP10,goF,GO:0003724
HCA4,goF,GO:0005524
HCA4,goF,GO:0016887
HCA4,goF,GO:0008186
HCA4,goF,GO:0034512
HCA4,goF,GO:0042802
HCA4,goF,GO:0003724
HCA4,goF,GO:0034511
DRS1,goF,GO:0005524
DRS1,goF,GO:0016887
DRS1,goF,GO:0003723
DRS1,goF,GO:0003724
MAK5,goF,GO:0005524
MAK5,goF,GO:0016887
MAK5,goF,GO:0003723
MAK5,goF,GO:0003724
EMG1,goF,GO:0042802
EMG1,goF,GO:0070037
EMG1,goF,GO:0019843
NOG2,goF,GO:0005525
NOG2,goF,GO:0003924
NOG2,goF,GO:0070180
FCF1,goF,GO:0004521
SEN1,goF,GO:0043139
SEN1,goF,GO:0033678
SEN1,goF,GO:0032574
SEN1,goF,GO:0005524
SEN1,goF,GO:0016787
SEN1,goF,GO:0003729
SEN1,goF,GO:0019904
SEN1,goF,GO:0003723
SEN1,goF,GO:0001147
RNT1,goF,GO:0003725
RNT1,goF,GO:0004525
RVB2,goF,GO:0043138
RVB2,goF,GO:0043139
RVB2,goF,GO:0005524
RVB2,goF,GO:0016887
RVB2,goF,GO:0003678
ACL4,goF,GO:0140318
ACL4,goF,GO:0051082
NUG1,goF,GO:0005525
NUG1,goF,GO:0003924
NUG1,goF,GO:0003729
NUG1,goF,GO:0003723
JJJ1,goF,GO:0001671
JJJ1,goF,GO:0046872
POP4,goF,GO:0033204
POP4,goF,GO:0003723
POP4,goF,GO:0042134
SRD1,goF,GO:0043565
SRD1,goF,GO:0008270
SAM2,goF,GO:0005524
SAM2,goF,GO:0042802
SAM2,goF,GO:0046872
SAM2,goF,GO:0004478
SAM2,goF,GO:0036094
CKA2,goF,GO:0005524
CKA2,goF,GO:0106310
CKA2,goF,GO:0004674
CKA1,goF,GO:0005524
CKA1,goF,GO:0004672
CKA1,goF,GO:0106310
CKA1,goF,GO:0004674
POP5,goF,GO:0000171
POP5,goF,GO:0004526
POP5,goF,GO:0033204
POP5,goF,GO:0003723
RRP5,goF,GO:0034512
RRP5,goF,GO:0034513
RRP5,goF,GO:0003729
RRP5,goF,GO:0008266
RRP5,goF,GO:0003723
RRP5,goF,GO:0042134
RRP5,goF,GO:0030515
RRP5,goF,GO:0034511
MRT4,goF,GO:0070180
AIR1,goF,GO:0003676
AIR1,goF,GO:0008270
AIR2,goF,GO:0060090
AIR2,goF,GO:0030674
AIR2,goF,GO:0003723
AIR2,goF,GO:0008270
YAR1,goF,GO:0051082
CIC1,goF,GO:0034513
CIC1,goF,GO:0042802
CIC1,goF,GO:0070180
CIC1,goF,GO:0070628
CIC1,goF,GO:0030674
CIC1,goF,GO:0003723
CIC1,goF,GO:0019843
RRP40,goF,GO:0030145
RRP40,goF,GO:0003723
RPA190,goF,GO:0003682
RPA190,goF,GO:0003677
RPA190,goF,GO:0001054
RPA190,goF,GO:0008270
MTR3,goF,GO:0003723
MAK11,goF,GO:0003674
UTP30,goF,GO:0003723
RVB1,goF,GO:0043139
RVB1,goF,GO:0005524
RVB1,goF,GO:0016887
RVB1,goF,GO:0003678
RRP17,goF,GO:0003723
NMD3,goF,GO:0070180
NMD3,goF,GO:0043023
RSA4,goF,GO:0003674
REH1,goF,GO:0046872
RRP7,goF,GO:0019843
SSA3,goF,GO:0005524
SSA3,goF,GO:0016887
SSA3,goF,GO:0140662
SSA3,goF,GO:0031072
SSA3,goF,GO:0051787
SSA3,goF,GO:0044183
SSA3,goF,GO:0051082
SSA4,goF,GO:0005524
SSA4,goF,GO:0016887
SSA4,goF,GO:0140662
SSA4,goF,GO:0031072
SSA4,goF,GO:0051787
SSA4,goF,GO:0044183
SSA4,goF,GO:0051082
SSA1,goF,GO:0005524
SSA1,goF,GO:0016887
SSA1,goF,GO:0140662
SSA1,goF,GO:0031072
SSA1,goF,GO:0051787
SSA1,goF,GO:0044183
SSA1,goF,GO:0000049
SSA1,goF,GO:0051082
SSA2,goF,GO:0005524
SSA2,goF,GO:0016887
SSA2,goF,GO:0140662
SSA2,goF,GO:0031072
SSA2,goF,GO:0051787
SSA2,goF,GO:0044183
SSA2,goF,GO:0000049
SSA2,goF,GO:0051082
RKM2,goF,GO:0016279
HIT1,goF,GO:0046872
GRC3,goF,GO:0005524
GRC3,goF,GO:0051731
ARX1,goF,GO:0046872
ARX1,goF,GO:0008237
XRN1,goF,GO:0004534
XRN1,goF,GO:0003682
XRN1,goF,GO:0031370
XRN1,goF,GO:0003729
XRN1,goF,GO:0003723
CIA1,goF,GO:0003674
RAT1,goF,GO:0004534
RAT1,goF,GO:0003729
RAT1,goF,GO:0003723
RAT1,goF,GO:0019843
TMA23,goF,GO:0003674
NSR1,goF,GO:0003730
NSR1,goF,GO:0003729
NSR1,goF,GO:0008139
NSR1,goF,GO:0003723
NSR1,goF,GO:0043047
NAF1,goF,GO:0003723
RRP15,goF,GO:0003674
RRP14,goF,GO:0003677
RRP14,goF,GO:0003723
RRP46,goF,GO:0003723
DHR2,goF,GO:0005524
DHR2,goF,GO:0016887
DHR2,goF,GO:0042802
DHR2,goF,GO:0003723
DHR2,goF,GO:0003724
YCR087C-A,goF,GO:0003677
YCR087C-A,goF,GO:0046872
IMP4,goF,GO:0042134
IMP4,goF,GO:0043047
IMP4,goF,GO:0030515
CMS1,goF,GO:0003674
RRP42,goF,GO:0003723
RRP36,goF,GO:0003674
LCP5,goF,GO:0003674
IPI3,goF,GO:0003682
HSP82,goF,GO:0005524
HSP82,goF,GO:0016887
HSP82,goF,GO:0140662
HSP82,goF,GO:0042802
HSP82,goF,GO:0051082
SSB2,goF,GO:0005524
SSB2,goF,GO:0016887
SSB2,goF,GO:0140662
SSB2,goF,GO:0031072
SSB2,goF,GO:0051787
SSB2,goF,GO:0044183
SSB2,goF,GO:0051082
EFG1,goF,GO:0003674
SQS1,goF,GO:0003676
YVH1,goF,GO:1990275
YVH1,goF,GO:0004725
YVH1,goF,GO:0008138
TSR2,goF,GO:0003674
BMT6,goF,GO:0070042
BMT6,goF,GO:0008757
UBA2,goF,GO:0005524
UBA2,goF,GO:0046872
UBA2,goF,GO:0019948
CKB1,goF,GO:0019887
CKB1,goF,GO:0030291
RPF1,goF,GO:0042134
GAR1,goF,GO:0034513
CSL4,goF,GO:0003723
RRP6,goF,GO:0000175
RRP6,goF,GO:0000166
RRP6,goF,GO:0042134
RRP6,goF,GO:0003727
PWP2,goF,GO:0003729
UTP13,goF,GO:0034511
NOP6,goF,GO:0019843
NOP6,goF,GO:0030515
NOP16,goF,GO:0003674
IPI1,goF,GO:0003682
REX2,goF,GO:0008408
REX2,goF,GO:0000175
REX2,goF,GO:0003676
PXR1,goF,GO:0008047
PXR1,goF,GO:0003676
PXR1,goF,GO:0010521
SGD1,goF,GO:0003723
NAN1,goF,GO:0003729
NAN1,goF,GO:0003723
NAN1,goF,GO:0034511
YTM1,goF,GO:0043021
RCM1,goF,GO:0003723
RCM1,goF,GO:0009383
NIP7,goF,GO:0003723
LAS1,goF,GO:0004519
BCD1,goF,GO:0046872
BCD1,goF,GO:0030515
RPP1,goF,GO:0004526
RPP1,goF,GO:0003723
KAP114,goF,GO:0061608
KAP114,goF,GO:0031267
NOP53,goF,GO:0008097
NOP53,goF,GO:0019843
UTP6,goF,GO:0042802
UTP6,goF,GO:0030515
UTP6,goF,GO:0034511
TSR4,goF,GO:0051082
KRI1,goF,GO:0003674
FCF2,goF,GO:0003674
BUD20,goF,GO:0003676
BUD20,goF,GO:0043023
BUD20,goF,GO:0008270
RPB8,goF,GO:0003697
RIX7,goF,GO:0005524
RIX7,goF,GO:0016887
RIX7,goF,GO:1990275
NOP12,goF,GO:0003723
NOP12,goF,GO:0019843
UTP5,goF,GO:0003674
SAS10,goF,GO:0042802
REX4,goF,GO:0008408
REX4,goF,GO:0004527
REX4,goF,GO:0003676
RNH70,goF,GO:0008408
RNH70,goF,GO:0000175
RNH70,goF,GO:0004527
RNH70,goF,GO:0003723
MEX67,goF,GO:0003729
MEX67,goF,GO:0015288
MEX67,goF,GO:0003723
MEX67,goF,GO:0030619
MEX67,goF,GO:0030620
MEX67,goF,GO:0030621
MEX67,goF,GO:0030623
MEX67,goF,GO:0017070
POP1,goF,GO:0004526
POP1,goF,GO:0003723
MTR4,goF,GO:0034458
MTR4,goF,GO:0005524
MTR4,goF,GO:0016887
MTR4,goF,GO:0003677
MTR4,goF,GO:0003729
MTR4,goF,GO:0016491
MTR4,goF,GO:0008143
MTR4,goF,GO:0003724
UTP23,goF,GO:0070181
RRS1,goF,GO:0003674
GSP1,goF,GO:0005525
GSP1,goF,GO:0003924
GSP2,goF,GO:0005525
GSP2,goF,GO:0003924
RNA1,goF,GO:0005096
RNA1,goF,GO:0031267
DIP2,goF,GO:0030515
DIP2,goF,GO:0034511
SMT3,goF,GO:0042802
SMT3,goF,GO:0031386
SMT3,goF,GO:0044389
RAI1,goF,GO:0030234
RAI1,goF,GO:0046872
RAI1,goF,GO:0034353
RAI1,goF,GO:0000166
RAI1,goF,GO:1990174
RAI1,goF,GO:0003723
RAI1,goF,GO:0110152
PRP43,goF,GO:0005524
PRP43,goF,GO:0016887
PRP43,goF,GO:0003729
PRP43,goF,GO:0003723
PRP43,goF,GO:0003724
NOP9,goF,GO:0003729
NOP9,goF,GO:0003723
ECM16,goF,GO:0005524
ECM16,goF,GO:0016887
ECM16,goF,GO:0003723
ECM16,goF,GO:0003724
NMD5,goF,GO:0061608
NMD5,goF,GO:0031267
UBC9,goF,GO:0005524
UBC9,goF,GO:0061656
UBC9,goF,GO:0019789
TRF5,goF,GO:0046872
TRF5,goF,GO:0004652
PAP2,goF,GO:0051575
PAP2,goF,GO:0046872
PAP2,goF,GO:0003729
PAP2,goF,GO:0004652
SOF1,goF,GO:0003729
PSE1,goF,GO:0061608
PSE1,goF,GO:0008139
MPP10,goF,GO:0042802
LSG1,goF,GO:0005525
LSG1,goF,GO:0003924
LSG1,goF,GO:0003729
HRR25,goF,GO:0005524
HRR25,goF,GO:0042802
HRR25,goF,GO:0004672
HRR25,goF,GO:0106310
HRR25,goF,GO:0004674
HRR25,goF,GO:0004713
UTP14,goF,GO:0005524
KAP104,goF,GO:0061608
KAP104,goF,GO:0008139
KAP104,goF,GO:0003723
KAP104,goF,GO:0031267
BFR2,goF,GO:0003674
UTP18,goF,GO:0003674
RRP8,goF,GO:0016433
RRP8,goF,GO:0106142
RRP1,goF,GO:0003674
PUF6,goF,GO:0003730
PUF6,goF,GO:0048027
PUF6,goF,GO:0003729
PUF6,goF,GO:0000900
NSA2,goF,GO:0003674
NOC3,goF,GO:0003682
UTP15,goF,GO:0034511
ULP1,goF,GO:0008234
ULP1,goF,GO:0016929
ULP1,goF,GO:0044877
RRP9,goF,GO:0030515
RRP9,goF,GO:0034511
RRB1,goF,GO:0051082
NOP4,goF,GO:0042802
NOP4,goF,GO:0070180
NOP4,goF,GO:0003729
NOP4,goF,GO:0003723
NAR1,goF,GO:0051539
NAR1,goF,GO:0008901
NAR1,goF,GO:0051536
NAR1,goF,GO:0046872
IMP3,goF,GO:0019843
IMP3,goF,GO:0030515
EBP2,goF,GO:0042802
EBP2,goF,GO:0003729
UTP4,goF,GO:0003674
UTP21,goF,GO:0003674
UTP11,goF,GO:0003674
NOP15,goF,GO:0003723
NOP15,goF,GO:0019843
NOC4,goF,GO:0003674
UTP10,goF,GO:0030515
UTP10,goF,GO:0034511
MAK16,goF,GO:0003674
RSP5,goF,GO:0035091
RSP5,goF,GO:0043130
RSP5,goF,GO:0061630
RSP5,goF,GO:0004842
KAP95,goF,GO:0097718
KAP95,goF,GO:0005085
KAP95,goF,GO:0061676
KAP95,goF,GO:0061608
KAP95,goF,GO:0008139
KAP95,goF,GO:0044877
KAP95,goF,GO:0031267
DRS2,goF,GO:0005524
DRS2,goF,GO:0016887
DRS2,goF,GO:0140326
DRS2,goF,GO:0000287
DRS2,goF,GO:0140345
DRS2,goF,GO:0090555
DRS2,goF,GO:0140346
CKB2,goF,GO:0019887
CKB2,goF,GO:0030291
UTP7,goF,GO:0003674
NOP7,goF,GO:0070180
NOP7,goF,GO:0003729
NOP7,goF,GO:0043021
NOP7,goF,GO:0003723
BRX1,goF,GO:0008097
BRX1,goF,GO:0003723
BRX1,goF,GO:0042134
TSR1,goF,GO:0005525
TSR1,goF,GO:0003924
TSR1,goF,GO:0043021
TSR1,goF,GO:0034511
ENP2,goF,GO:0003674
BMS1,goF,GO:0005524
BMS1,goF,GO:0016887
BMS1,goF,GO:0005525
BMS1,goF,GO:0003924
BMS1,goF,GO:0003729
BMS1,goF,GO:0034511
CRM1,goF,GO:0005049
CRM1,goF,GO:0061608
CRM1,goF,GO:0031267
CRM1,goF,GO:0030619
CRM1,goF,GO:0030620
CRM1,goF,GO:0030621
CRM1,goF,GO:0030623
CRM1,goF,GO:0017070
MRD1,goF,GO:0003729
MRD1,goF,GO:0042134
SSF1,goF,GO:0019843
SSF2,goF,GO:0019843
RRP12,goF,GO:0003729
ESF2,goF,GO:0001671
ESF2,goF,GO:0003723
REI1,goF,GO:0043565
REI1,goF,GO:0008270
PWP1,goF,GO:0003674
NOC2,goF,GO:0003729
ESF1,goF,GO:0003723
NOP14,goF,GO:0034511
UTP22,goF,GO:0003723
RPF2,goF,GO:0008097
RPF2,goF,GO:0008312
RPF2,goF,GO:0019843
KAP123,goF,GO:0061608
KAP123,goF,GO:0008139
KAP123,goF,GO:0031267
UTP20,goF,GO:0003729
NAP1,goF,GO:0003682
NAP1,goF,GO:0030332
NAP1,goF,GO:0003677
NAP1,goF,GO:0008047
NAP1,goF,GO:0042393
NAP1,goF,GO:0042802
NAP1,goF,GO:0051082
ERB1,goF,GO:0003677
ERB1,goF,GO:0070180
ERB1,goF,GO:0043021
UTP25,goF,GO:0019843
UTP25,goF,GO:0034511
MAK21,goF,GO:0042802
MAK21,goF,GO:0003729
ENP1,goF,GO:0030515
SDA1,goF,GO:0003674
BMT5,goF,GO:0070042
BMT5,goF,GO:0008757
URB1,goF,GO:0003729
NOP13,goF,GO:0043024
NOP13,goF,GO:0003723
NOP13,goF,GO:0033592
NOP13,goF,GO:0034057
BCP1,goF,GO:0003674
BMT2,goF,GO:0016433
BMT2,goF,GO:0008757
LTV1,goF,GO:0003674
SQT1,goF,GO:0051082
SXM1,goF,GO:0061608
SXM1,goF,GO:0031267
AFG2,goF,GO:0005524
AFG2,goF,GO:0016887
URB2,goF,GO:0003674
NPL3,goF,GO:0031370
NPL3,goF,GO:0042802
NPL3,goF,GO:0003729
NPL3,goF,GO:0008143
NPL3,goF,GO:0000993
RRP43,goF,GO:0003723
FAF1,goF,GO:0003674
RMP1,goF,GO:0042134
RSA3,goF,GO:0003674
HCR1,goF,GO:0003743
POP7,goF,GO:0004526
POP7,goF,GO:0003723
LRP1,goF,GO:0003677
LRP1,goF,GO:0003690
LRP1,goF,GO:0003725
LRP1,goF,GO:0030234
LRP1,goF,GO:0044877
LRP1,goF,GO:0003723
LOC1,goF,GO:0042802
LOC1,goF,GO:0003729
NOP8,goF,GO:0003723
POP8,goF,GO:0004526
MPP6,goF,GO:0008266
MPP6,goF,GO:0044877
POP3,goF,GO:0003674
BUD21,goF,GO:0034511
SNM1,goF,GO:0004518
SNM1,goF,GO:0042134
SLX9,goF,GO:0051880
POP6,goF,GO:0004526
POP6,goF,GO:0003723
POP6,goF,GO:0042134
UTP9,goF,GO:0034511
FYV7,goF,GO:0003674
CGR1,goF,GO:0003674
NOP19,goF,GO:0003674
RSA1,goF,GO:0003674
MTR2,goF,GO:0003674
ECM1,goF,GO:0003674
ALB1,goF,GO:0003674
RIX1,goF,GO:0003682
UTP8,goF,GO:0000049
UTP8,goF,GO:0034511
PIH1,goF,GO:0003674
NSA1,goF,GO:0003674
SHQ1,goF,GO:0051082
NGL2,goF,GO:0000175
NGL2,goF,GO:0004521
NGL2,goF,GO:0004535
NGL2,goF,GO:0003723
SYO1,goF,GO:0051082
METTL5,goP,GO:0045727
METTL5,goP,GO:0031167
METTL5,goP,GO:0048863
RIOK3,goP,GO:1990786
RIOK3,goP,GO:0071359
RIOK3,goP,GO:0098586
RIOK3,goP,GO:0007059
RIOK3,goP,GO:0051607
RIOK3,goP,GO:0045087
RIOK3,goP,GO:0030490
RIOK3,goP,GO:0043124
RIOK3,goP,GO:0039534
RIOK3,goP,GO:0031333
RIOK3,goP,GO:0045089
RIOK3,goP,GO:0032728
RIOK3,goP,GO:0006468
EXOSC8,goP,GO:0043928
EXOSC8,goP,GO:0000467
EXOSC8,goP,GO:0071028
EXOSC8,goP,GO:0071042
EXOSC8,goP,GO:0071035
EXOSC8,goP,GO:0071038
EXOSC8,goP,GO:0034427
EXOSC8,goP,GO:0006401
EXOSC8,goP,GO:0006396
EXOSC8,goP,GO:0016075
EXOSC8,goP,GO:0034473
EXOSC8,goP,GO:0034475
EXOSC8,goP,GO:0034476
PA2G4,goP,GO:0043066
PA2G4,goP,GO:0045892
PA2G4,goP,GO:0045597
PA2G4,goP,GO:0006417
PA2G4,goP,GO:0006364
EXOSC7,goP,GO:0043928
EXOSC7,goP,GO:0000467
EXOSC7,goP,GO:0071028
EXOSC7,goP,GO:0071042
EXOSC7,goP,GO:0071035
EXOSC7,goP,GO:0071038
EXOSC7,goP,GO:0034427
EXOSC7,goP,GO:0006401
EXOSC7,goP,GO:0006396
EXOSC7,goP,GO:0016075
EXOSC7,goP,GO:0006364
EXOSC7,goP,GO:0034473
EXOSC7,goP,GO:0034475
EXOSC7,goP,GO:0034476
DDX21,goP,GO:0006338
DDX21,goP,GO:0051607
DDX21,goP,GO:0045087
DDX21,goP,GO:0001649
DDX21,goP,GO:0035066
DDX21,goP,GO:0043123
DDX21,goP,GO:0002735
DDX21,goP,GO:0045943
DDX21,goP,GO:0045944
DDX21,goP,GO:0045945
DDX21,goP,GO:0062176
DDX21,goP,GO:0043330
DDX21,goP,GO:0006364
DDX21,goP,GO:0006366
FDXACB1,goP,GO:0070475
ISG20L2,goP,GO:0042254
LRRC47,goP,GO:0006432
RPP25,goP,GO:0006364
RPP25,goP,GO:0001682
EXOSC6,goP,GO:0045006
EXOSC6,goP,GO:0045190
EXOSC6,goP,GO:0071028
EXOSC6,goP,GO:0034427
EXOSC6,goP,GO:0071051
EXOSC6,goP,GO:0045830
EXOSC6,goP,GO:0006401
EXOSC6,goP,GO:0006396
EXOSC6,goP,GO:0016075
EXOSC6,goP,GO:0006364
EXOSC6,goP,GO:0034475
PIN4,goP,GO:0051179
PIN4,goP,GO:0006364
ERI1,goP,GO:0000467
ERI1,goP,GO:0031047
ERI1,goP,GO:0031125
PARN,goP,GO:0000495
PARN,goP,GO:0007292
PARN,goP,GO:0010587
PARN,goP,GO:0110008
PARN,goP,GO:0000184
PARN,goP,GO:0000289
PARN,goP,GO:0071051
PARN,goP,GO:0051973
PARN,goP,GO:0032212
PARN,goP,GO:1904872
PARN,goP,GO:0009451
PARN,goP,GO:0090503
PARN,goP,GO:0090669
EIF1AD,goP,GO:0008150
NGDN,goP,GO:0000462
NGDN,goP,GO:0099170
NGDN,goP,GO:0140245
XPO5,goP,GO:0010586
XPO5,goP,GO:1900370
XPO5,goP,GO:0035281
XPO5,goP,GO:0006611
XPO5,goP,GO:0006405
TAH1,goP,GO:0000492
TAH1,goP,GO:0006457
TAH1,goP,GO:0050821
ARB1,goP,GO:0000056
ARB1,goP,GO:0042254
NHP2,goP,GO:0000493
NHP2,goP,GO:0000469
NHP2,goP,GO:0000470
NHP2,goP,GO:0031118
NHP2,goP,GO:0000454
NHP2,goP,GO:0031120
MDN1,goP,GO:0110136
MDN1,goP,GO:2000200
MDN1,goP,GO:0000027
MDN1,goP,GO:0006364
KRR1,goP,GO:0000447
KRR1,goP,GO:0030490
KRR1,goP,GO:0042274
KRR1,goP,GO:0006364
DBP2,goP,GO:1990120
DBP2,goP,GO:0071042
DBP2,goP,GO:0000184
DBP2,goP,GO:0006364
DBP2,goP,GO:0006369
RCL1,goP,GO:0000480
RCL1,goP,GO:0000447
RCL1,goP,GO:0000479
RCL1,goP,GO:0000472
RCL1,goP,GO:0030490
RCL1,goP,GO:2000232
RCL1,goP,GO:0042274
RCL1,goP,GO:0006364
YGR283C,goP,GO:0032259
YMR310C,goP,GO:0032259
PNO1,goP,GO:0000447
PNO1,goP,GO:0000472
PNO1,goP,GO:0043248
DBP3,goP,GO:0000464
DBP3,goP,GO:0006364
RLP7,goP,GO:0000465
RLP7,goP,GO:0000463
RLP7,goP,GO:0042273
NOB1,goP,GO:0000469
NOB1,goP,GO:0030490
NOB1,goP,GO:0000462
NOB1,goP,GO:0043248
NOB1,goP,GO:0042274
DBP5,goP,GO:0006406
DBP5,goP,GO:0016973
DBP5,goP,GO:0015031
DBP5,goP,GO:0006415
DBP5,goP,GO:0006409
RPA135,goP,GO:0007566
RPA135,goP,GO:0014029
RPA135,goP,GO:0017126
RPA135,goP,GO:0009303
BUD23,goP,GO:0000447
BUD23,goP,GO:0000056
BUD23,goP,GO:0070476
TGS1,goP,GO:0036261
TGS1,goP,GO:0009452
TGS1,goP,GO:0022613
TGS1,goP,GO:0000387
FAL1,goP,GO:0030490
FAL1,goP,GO:0000462
FAL1,goP,GO:0032774
KRE33,goP,GO:0030490
KRE33,goP,GO:0016556
KRE33,goP,GO:0042274
KRE33,goP,GO:1904812
KRE33,goP,GO:0051391
NOP2,goP,GO:1902626
NOP2,goP,GO:0000470
NOP2,goP,GO:0000463
NOP2,goP,GO:0042273
NOP2,goP,GO:0001510
NOP2,goP,GO:0070475
NOP2,goP,GO:0031167
RIO2,goP,GO:0030490
RIO2,goP,GO:0000462
RIO2,goP,GO:0046830
RIO2,goP,GO:0006468
PUS7,goP,GO:0000455
PUS7,goP,GO:0006397
PUS7,goP,GO:1990481
PUS7,goP,GO:0001522
PUS7,goP,GO:0008380
PUS7,goP,GO:0031120
PUS7,goP,GO:0006400
PUS7,goP,GO:0031119
DIM1,goP,GO:0000462
DIM1,goP,GO:0031167
DIM1,goP,GO:0000154
RPO21,goP,GO:0006353
RPO21,goP,GO:0033120
RPO21,goP,GO:0006355
RPO21,goP,GO:0006366
CFD1,goP,GO:0016226
CFD1,goP,GO:0002098
NBP35,goP,GO:0016226
NBP35,goP,GO:0002098
RLP24,goP,GO:1902626
RLP24,goP,GO:0032781
RLP24,goP,GO:0042273
NOG1,goP,GO:1902626
NOG1,goP,GO:0042273
NOG1,goP,GO:0000054
NOG1,goP,GO:0006364
RLI1,goP,GO:0045727
RLI1,goP,GO:0042273
RLI1,goP,GO:0000054
RLI1,goP,GO:0032790
RLI1,goP,GO:0006364
RLI1,goP,GO:0006413
RLI1,goP,GO:0006415
CBF5,goP,GO:0000495
CBF5,goP,GO:0007049
CBF5,goP,GO:0051301
CBF5,goP,GO:1990481
CBF5,goP,GO:0000154
CBF5,goP,GO:0006364
CBF5,goP,GO:0031118
CBF5,goP,GO:0000454
CBF5,goP,GO:0031120
FAP7,goP,GO:0034599
FAP7,goP,GO:0000462
FAP7,goP,GO:0016310
RPB5,goP,GO:0050821
RPB5,goP,GO:0006366
SNU13,goP,GO:0000494
SNU13,goP,GO:0000470
SNU13,goP,GO:0030490
SNU13,goP,GO:0000462
SNU13,goP,GO:0000398
SNU13,goP,GO:1905216
SNU13,goP,GO:0000452
SNU13,goP,GO:0000245
RIO1,goP,GO:0007049
RIO1,goP,GO:0051301
RIO1,goP,GO:0030490
RIO1,goP,GO:0000462
RIO1,goP,GO:0016479
RIO1,goP,GO:2000234
RIO1,goP,GO:0006468
RIO1,goP,GO:0007096
SDO1,goP,GO:0042256
TIF6,goP,GO:1902626
TIF6,goP,GO:0042256
TIF6,goP,GO:0000460
TIF6,goP,GO:0000466
TIF6,goP,GO:0000470
TIF6,goP,GO:0000463
TIF6,goP,GO:0042273
TIF6,goP,GO:0000054
TIF6,goP,GO:0006364
NOP1,goP,GO:0000494
NOP1,goP,GO:1990258
NOP1,goP,GO:0030490
NOP1,goP,GO:0006356
NOP1,goP,GO:0000451
NOP1,goP,GO:0031167
NOP1,goP,GO:0006364
NOP1,goP,GO:0043144
NOP1,goP,GO:0000452
NOP56,goP,GO:0000494
NOP56,goP,GO:0030490
NOP56,goP,GO:0000154
NOP56,goP,GO:0006364
NOP56,goP,GO:0000452
NOP58,goP,GO:0000494
NOP58,goP,GO:0000480
NOP58,goP,GO:0000447
NOP58,goP,GO:0000472
NOP58,goP,GO:0030490
NOP58,goP,GO:1902570
NOP58,goP,GO:0006364
NOP58,goP,GO:0000452
SPB1,goP,GO:0000453
SPB1,goP,GO:0000466
SPB1,goP,GO:0000463
SPB1,goP,GO:0001510
SPB1,goP,GO:0031167
TSR3,goP,GO:0000455
TSR3,goP,GO:0030490
DBP6,goP,GO:0000466
DBP6,goP,GO:0000463
DBP6,goP,GO:0042273
DIS3,goP,GO:0000467
DIS3,goP,GO:0006397
DIS3,goP,GO:0070651
DIS3,goP,GO:0071028
DIS3,goP,GO:0071039
DIS3,goP,GO:0071042
DIS3,goP,GO:0071035
DIS3,goP,GO:0071038
DIS3,goP,GO:0070478
DIS3,goP,GO:0070481
DIS3,goP,GO:0071051
DIS3,goP,GO:0006401
DIS3,goP,GO:0006396
DIS3,goP,GO:0016075
DIS3,goP,GO:0043628
RIA1,goP,GO:0042256
TRM112,goP,GO:0034968
TRM112,goP,GO:0018364
TRM112,goP,GO:2000234
TRM112,goP,GO:0070476
TRM112,goP,GO:0031167
TRM112,goP,GO:0030488
TRM112,goP,GO:0002940
RRP4,goP,GO:0071034
RRP4,goP,GO:0043928
RRP4,goP,GO:0000467
RRP4,goP,GO:0070651
RRP4,goP,GO:0071028
RRP4,goP,GO:0071042
RRP4,goP,GO:0071035
RRP4,goP,GO:0071038
RRP4,goP,GO:0070478
RRP4,goP,GO:0034427
RRP4,goP,GO:0070481
RRP4,goP,GO:0071051
RRP4,goP,GO:0006401
RRP4,goP,GO:0006396
RRP4,goP,GO:0034475
RRP45,goP,GO:0043928
RRP45,goP,GO:0000467
RRP45,goP,GO:0070651
RRP45,goP,GO:0071028
RRP45,goP,GO:0071042
RRP45,goP,GO:0071035
RRP45,goP,GO:0071038
RRP45,goP,GO:0070478
RRP45,goP,GO:0034427
RRP45,goP,GO:0070481
RRP45,goP,GO:0071051
RRP45,goP,GO:0006401
RRP45,goP,GO:0006396
RRP45,goP,GO:0016075
RRP45,goP,GO:0034473
RRP45,goP,GO:0034475
RRP45,goP,GO:0034476
SKI6,goP,GO:0000467
SKI6,goP,GO:0070651
SKI6,goP,GO:0071028
SKI6,goP,GO:0071039
SKI6,goP,GO:0071042
SKI6,goP,GO:0071038
SKI6,goP,GO:0070478
SKI6,goP,GO:0034427
SKI6,goP,GO:0070481
SKI6,goP,GO:0071051
SKI6,goP,GO:0006401
SKI6,goP,GO:0006396
SKI6,goP,GO:0016075
SKI6,goP,GO:0034473
SKI6,goP,GO:0034475
SKI6,goP,GO:0034476
RRP3,goP,GO:0030490
RRP3,goP,GO:0000462
RRP3,goP,GO:0006364
DBP8,goP,GO:0000480
DBP8,goP,GO:0000447
DBP8,goP,GO:0000472
DBP8,goP,GO:0030490
DBP8,goP,GO:0006364
NOP10,goP,GO:0000469
NOP10,goP,GO:0031118
NOP10,goP,GO:0000454
NOP10,goP,GO:0031120
RPB11,goP,GO:0008150
SPB4,goP,GO:1902626
SPB4,goP,GO:0000470
SPB4,goP,GO:0000027
ROK1,goP,GO:0000480
ROK1,goP,GO:0000447
ROK1,goP,GO:0000472
ROK1,goP,GO:0030490
ROK1,goP,GO:0048254
DBP9,goP,GO:0000463
HAS1,goP,GO:0000463
HAS1,goP,GO:0030490
HAS1,goP,GO:0000462
HAS1,goP,GO:0042273
HAS1,goP,GO:0042274
HAS1,goP,GO:0006364
HAS1,goP,GO:1990417
DBP7,goP,GO:0000463
DBP7,goP,GO:0042254
DBP10,goP,GO:1902626
DBP10,goP,GO:0000466
DBP10,goP,GO:0000463
DBP10,goP,GO:0006364
HCA4,goP,GO:0030490
HCA4,goP,GO:0006364
DRS1,goP,GO:0000027
DRS1,goP,GO:0006364
MAK5,goP,GO:0000466
MAK5,goP,GO:0000463
MAK5,goP,GO:0042273
EMG1,goP,GO:0000480
EMG1,goP,GO:0000447
EMG1,goP,GO:0000472
EMG1,goP,GO:0030490
EMG1,goP,GO:0042274
EMG1,goP,GO:0070475
EMG1,goP,GO:0031167
EMG1,goP,GO:0006364
NOG2,goP,GO:2000200
NOG2,goP,GO:0000055
FCF1,goP,GO:0000480
FCF1,goP,GO:0000447
FCF1,goP,GO:0000472
FCF1,goP,GO:0030490
SEN1,goP,GO:0045454
SEN1,goP,GO:0045005
SEN1,goP,GO:0006353
SEN1,goP,GO:0030490
SEN1,goP,GO:0031124
SEN1,goP,GO:0006378
SEN1,goP,GO:0060257
SEN1,goP,GO:0006357
SEN1,goP,GO:0006364
SEN1,goP,GO:0031126
SEN1,goP,GO:0016180
SEN1,goP,GO:0006369
SEN1,goP,GO:0006283
SEN1,goP,GO:0008033
RNT1,goP,GO:0034963
RNT1,goP,GO:0034964
RNT1,goP,GO:0006325
RNT1,goP,GO:0000294
RNT1,goP,GO:0031053
RNT1,goP,GO:0060237
RNT1,goP,GO:0010468
RNT1,goP,GO:0006396
RNT1,goP,GO:0006364
RNT1,goP,GO:0009303
RNT1,goP,GO:0030847
RNT1,goP,GO:0034473
RNT1,goP,GO:0034475
RNT1,goP,GO:0034476
RVB2,goP,GO:0000492
RVB2,goP,GO:0006338
RVB2,goP,GO:0006281
RVB2,goP,GO:0016573
RVB2,goP,GO:0050821
RVB2,goP,GO:0006355
RVB2,goP,GO:0006357
RVB2,goP,GO:0006364
ACL4,goP,GO:0051083
ACL4,goP,GO:0031145
ACL4,goP,GO:0051301
ACL4,goP,GO:0007091
ACL4,goP,GO:0045842
ACL4,goP,GO:0016567
ACL4,goP,GO:0042273
NUG1,goP,GO:0000463
NUG1,goP,GO:0015031
NUG1,goP,GO:0000055
JJJ1,goP,GO:0006897
JJJ1,goP,GO:0008361
JJJ1,goP,GO:0042273
JJJ1,goP,GO:0000055
JJJ1,goP,GO:0006364
POP4,goP,GO:0034965
POP4,goP,GO:0000460
POP4,goP,GO:0000294
POP4,goP,GO:0090502
POP4,goP,GO:0006364
POP4,goP,GO:0001682
POP4,goP,GO:0008033
SRD1,goP,GO:0006355
SRD1,goP,GO:0006364
SAM2,goP,GO:1990830
SAM2,goP,GO:0006730
SAM2,goP,GO:0051291
SAM2,goP,GO:0034214
SAM2,goP,GO:0006556
CKA2,goP,GO:0006974
CKA2,goP,GO:0071470
CKA2,goP,GO:0007535
CKA2,goP,GO:0030490
CKA2,goP,GO:0042790
CKA2,goP,GO:0018105
CKA2,goP,GO:0018107
CKA2,goP,GO:0006468
CKA2,goP,GO:0051726
CKA2,goP,GO:0060962
CKA2,goP,GO:0006356
CKA2,goP,GO:0006359
CKA2,goP,GO:0000028
CKA1,goP,GO:0006974
CKA1,goP,GO:0007535
CKA1,goP,GO:0030490
CKA1,goP,GO:0042790
CKA1,goP,GO:0018105
CKA1,goP,GO:0018107
CKA1,goP,GO:0006468
CKA1,goP,GO:0051726
CKA1,goP,GO:0060962
CKA1,goP,GO:0006356
CKA1,goP,GO:0006359
CKA1,goP,GO:0000028
POP5,goP,GO:0034965
POP5,goP,GO:0000460
POP5,goP,GO:0000294
POP5,goP,GO:0006364
POP5,goP,GO:0001682
POP5,goP,GO:0008033
RRP5,goP,GO:0034463
RRP5,goP,GO:0000480
RRP5,goP,GO:0000447
RRP5,goP,GO:0000464
RRP5,goP,GO:0000472
RRP5,goP,GO:0030490
RRP5,goP,GO:0006364
MRT4,goP,GO:0030490
MRT4,goP,GO:0000956
MRT4,goP,GO:0000027
MRT4,goP,GO:0042273
MRT4,goP,GO:0000055
MRT4,goP,GO:0006364
AIR1,goP,GO:0043629
AIR1,goP,GO:0071031
AIR1,goP,GO:0071039
AIR1,goP,GO:0071035
AIR1,goP,GO:0071036
AIR1,goP,GO:0071037
AIR1,goP,GO:0071038
AIR1,goP,GO:0000292
AIR1,goP,GO:0043631
AIR2,goP,GO:0043629
AIR2,goP,GO:0071031
AIR2,goP,GO:0071039
AIR2,goP,GO:0071035
AIR2,goP,GO:0071036
AIR2,goP,GO:0071037
AIR2,goP,GO:0071038
AIR2,goP,GO:0000292
AIR2,goP,GO:0043631
AIR2,goP,GO:0006400
YAR1,goP,GO:0034599
YAR1,goP,GO:0071931
YAR1,goP,GO:0032880
YAR1,goP,GO:0006970
YAR1,goP,GO:0042274
YAR1,goP,GO:0000056
CIC1,goP,GO:0000469
CIC1,goP,GO:0000466
CIC1,goP,GO:0000470
CIC1,goP,GO:0000463
CIC1,goP,GO:0030163
CIC1,goP,GO:0031118
CIC1,goP,GO:0031120
RRP40,goP,GO:0071034
RRP40,goP,GO:0043928
RRP40,goP,GO:0000467
RRP40,goP,GO:0070651
RRP40,goP,GO:0071042
RRP40,goP,GO:0071035
RRP40,goP,GO:0071038
RRP40,goP,GO:0070478
RRP40,goP,GO:0034427
RRP40,goP,GO:0070481
RRP40,goP,GO:0071051
RRP40,goP,GO:0006401
RRP40,goP,GO:0006396
RRP40,goP,GO:0043628
RRP40,goP,GO:0034475
RPA190,goP,GO:1904750
MTR3,goP,GO:0000467
MTR3,goP,GO:0070651
MTR3,goP,GO:0071028
MTR3,goP,GO:0071039
MTR3,goP,GO:0071042
MTR3,goP,GO:0071035
MTR3,goP,GO:0071038
MTR3,goP,GO:0070478
MTR3,goP,GO:0034427
MTR3,goP,GO:0070481
MTR3,goP,GO:0071051
MTR3,goP,GO:0006401
MTR3,goP,GO:0006396
MTR3,goP,GO:0016075
MTR3,goP,GO:0034475
MAK11,goP,GO:0000466
MAK11,goP,GO:0000463
MAK11,goP,GO:0000027
MAK11,goP,GO:0042273
UTP30,goP,GO:0000470
UTP30,goP,GO:0030490
UTP30,goP,GO:0000462
UTP30,goP,GO:0042274
RVB1,goP,GO:0000492
RVB1,goP,GO:0006338
RVB1,goP,GO:0006281
RVB1,goP,GO:0016573
RVB1,goP,GO:0050821
RVB1,goP,GO:0006355
RVB1,goP,GO:0006357
RRP17,goP,GO:0006364
NMD3,goP,GO:0015031
NMD3,goP,GO:0000055
RSA4,goP,GO:0110136
RSA4,goP,GO:0000027
REH1,goP,GO:0042273
RRP7,goP,GO:0030490
RRP7,goP,GO:0042790
RRP7,goP,GO:0006468
RRP7,goP,GO:0060962
RRP7,goP,GO:0000028
RRP7,goP,GO:0006364
SSA3,goP,GO:0034620
SSA3,goP,GO:0051085
SSA3,goP,GO:0006457
SSA3,goP,GO:0006515
SSA3,goP,GO:0042026
SSA3,goP,GO:0006616
SSA3,goP,GO:0016192
SSA4,goP,GO:0034620
SSA4,goP,GO:0051085
SSA4,goP,GO:0006457
SSA4,goP,GO:0042026
SSA4,goP,GO:0006616
SSA4,goP,GO:0016192
SSA1,goP,GO:0034620
SSA1,goP,GO:0051085
SSA1,goP,GO:0072318
SSA1,goP,GO:0002181
SSA1,goP,GO:0072671
SSA1,goP,GO:0045892
SSA1,goP,GO:0043161
SSA1,goP,GO:0006457
SSA1,goP,GO:0006606
SSA1,goP,GO:0000209
SSA1,goP,GO:0042026
SSA1,goP,GO:0006626
SSA1,goP,GO:0070482
SSA1,goP,GO:0006616
SSA1,goP,GO:0035617
SSA1,goP,GO:0016192
SSA2,goP,GO:0034620
SSA2,goP,GO:0051085
SSA2,goP,GO:0045892
SSA2,goP,GO:0043161
SSA2,goP,GO:0006457
SSA2,goP,GO:0042026
SSA2,goP,GO:0070482
SSA2,goP,GO:0006616
SSA2,goP,GO:0035719
SSA2,goP,GO:0016192
RKM2,goP,GO:0018026
RKM2,goP,GO:0018023
HIT1,goP,GO:0000492
HIT1,goP,GO:0000463
HIT1,goP,GO:0048254
GRC3,goP,GO:0000448
GRC3,goP,GO:0016310
GRC3,goP,GO:0006396
GRC3,goP,GO:0006364
GRC3,goP,GO:0006363
ARX1,goP,GO:0006508
ARX1,goP,GO:0000055
XRN1,goP,GO:0000741
XRN1,goP,GO:0061157
XRN1,goP,GO:0016242
XRN1,goP,GO:0070651
XRN1,goP,GO:0000956
XRN1,goP,GO:0070479
XRN1,goP,GO:0000184
XRN1,goP,GO:0032968
XRN1,goP,GO:0060261
XRN1,goP,GO:0016075
XRN1,goP,GO:0006364
XRN1,goP,GO:0043144
XRN1,goP,GO:0006413
XRN1,goP,GO:0007089
XRN1,goP,GO:0016078
CIA1,goP,GO:0016226
CIA1,goP,GO:0097428
CIA1,goP,GO:0002098
RAT1,goP,GO:0000448
RAT1,goP,GO:0006397
RAT1,goP,GO:1901408
RAT1,goP,GO:0034244
RAT1,goP,GO:0071028
RAT1,goP,GO:0071035
RAT1,goP,GO:0000956
RAT1,goP,GO:1904595
RAT1,goP,GO:0006364
RAT1,goP,GO:0043144
RAT1,goP,GO:0030847
RAT1,goP,GO:0030846
TMA23,goP,GO:0090069
TMA23,goP,GO:0042274
NSR1,goP,GO:0030490
NSR1,goP,GO:0000028
NSR1,goP,GO:0006364
NAF1,goP,GO:0000493
NAF1,goP,GO:0001522
NAF1,goP,GO:0042254
NAF1,goP,GO:0006364
RRP15,goP,GO:0000460
RRP15,goP,GO:0000466
RRP15,goP,GO:0000470
RRP15,goP,GO:0000463
RRP14,goP,GO:0042273
RRP14,goP,GO:0042274
RRP14,goP,GO:0006364
RRP46,goP,GO:0000467
RRP46,goP,GO:0070651
RRP46,goP,GO:0071028
RRP46,goP,GO:0071042
RRP46,goP,GO:0071035
RRP46,goP,GO:0071038
RRP46,goP,GO:0070478
RRP46,goP,GO:0034427
RRP46,goP,GO:0070481
RRP46,goP,GO:0071051
RRP46,goP,GO:0006401
RRP46,goP,GO:0006396
RRP46,goP,GO:0016075
RRP46,goP,GO:0043628
RRP46,goP,GO:0034475
DHR2,goP,GO:0030490
DHR2,goP,GO:0000462
DHR2,goP,GO:0045943
DHR2,goP,GO:0042254
YCR087C-A,goP,GO:0000122
YCR087C-A,goP,GO:0006364
IMP4,goP,GO:0030490
IMP4,goP,GO:0042274
IMP4,goP,GO:0006364
CMS1,goP,GO:0008150
RRP42,goP,GO:0043928
RRP42,goP,GO:0000467
RRP42,goP,GO:0070651
RRP42,goP,GO:0071028
RRP42,goP,GO:0071042
RRP42,goP,GO:0071035
RRP42,goP,GO:0071038
RRP42,goP,GO:0070478
RRP42,goP,GO:0034427
RRP42,goP,GO:0070481
RRP42,goP,GO:0071051
RRP42,goP,GO:0006401
RRP42,goP,GO:0006396
RRP42,goP,GO:0016075
RRP42,goP,GO:0043628
RRP42,goP,GO:0034473
RRP42,goP,GO:0034475
RRP42,goP,GO:0034476
RRP36,goP,GO:0000469
RRP36,goP,GO:0030490
RRP36,goP,GO:0000462
RRP36,goP,GO:0042274
LCP5,goP,GO:0000480
LCP5,goP,GO:0000447
LCP5,goP,GO:0030490
LCP5,goP,GO:0000462
IPI3,goP,GO:0006261
IPI3,goP,GO:0006267
IPI3,goP,GO:0030174
IPI3,goP,GO:0000027
IPI3,goP,GO:0006364
HSP82,goP,GO:0006458
HSP82,goP,GO:0000492
HSP82,goP,GO:0034605
HSP82,goP,GO:0032212
HSP82,goP,GO:0043248
HSP82,goP,GO:0006457
HSP82,goP,GO:0051604
HSP82,goP,GO:0042026
HSP82,goP,GO:0050821
HSP82,goP,GO:0006626
HSP82,goP,GO:0032204
HSP82,goP,GO:0006970
HSP82,goP,GO:0070482
SSB2,goP,GO:0051083
SSB2,goP,GO:0042149
SSB2,goP,GO:0034620
SSB2,goP,GO:0051085
SSB2,goP,GO:0002181
SSB2,goP,GO:0042026
SSB2,goP,GO:0006450
SSB2,goP,GO:0000054
SSB2,goP,GO:0006364
SSB2,goP,GO:0006452
EFG1,goP,GO:0000462
EFG1,goP,GO:0071027
EFG1,goP,GO:0000321
SQS1,goP,GO:0030490
SQS1,goP,GO:0000398
SQS1,goP,GO:0032781
SQS1,goP,GO:0051096
SQS1,goP,GO:0006364
YVH1,goP,GO:0030476
YVH1,goP,GO:0051321
YVH1,goP,GO:2000786
YVH1,goP,GO:0006470
YVH1,goP,GO:0000027
YVH1,goP,GO:0000055
TSR2,goP,GO:0000462
BMT6,goP,GO:0070475
UBA2,goP,GO:0032446
UBA2,goP,GO:0016925
CKB1,goP,GO:0006974
CKB1,goP,GO:0030490
CKB1,goP,GO:0042790
CKB1,goP,GO:0006468
CKB1,goP,GO:0051726
CKB1,goP,GO:0080163
CKB1,goP,GO:0060962
CKB1,goP,GO:0006356
CKB1,goP,GO:0006359
CKB1,goP,GO:0000028
RPF1,goP,GO:0000460
RPF1,goP,GO:0000466
RPF1,goP,GO:0000470
RPF1,goP,GO:0000463
RPF1,goP,GO:0000055
RPF1,goP,GO:0006364
GAR1,goP,GO:0000454
GAR1,goP,GO:0031120
CSL4,goP,GO:0000467
CSL4,goP,GO:0006397
CSL4,goP,GO:0070651
CSL4,goP,GO:0071042
CSL4,goP,GO:0071035
CSL4,goP,GO:0071038
CSL4,goP,GO:0070478
CSL4,goP,GO:0034427
CSL4,goP,GO:0070481
CSL4,goP,GO:0071051
CSL4,goP,GO:0006401
CSL4,goP,GO:0006396
CSL4,goP,GO:0043628
RRP6,goP,GO:0000467
RRP6,goP,GO:0071044
RRP6,goP,GO:0071028
RRP6,goP,GO:0071040
RRP6,goP,GO:0071039
RRP6,goP,GO:0071042
RRP6,goP,GO:0071035
RRP6,goP,GO:0071036
RRP6,goP,GO:0071037
RRP6,goP,GO:0071038
RRP6,goP,GO:0071051
RRP6,goP,GO:0000973
RRP6,goP,GO:0006401
RRP6,goP,GO:0006396
RRP6,goP,GO:0034473
RRP6,goP,GO:0034475
RRP6,goP,GO:0034476
PWP2,goP,GO:0000480
PWP2,goP,GO:0000447
PWP2,goP,GO:0000472
PWP2,goP,GO:0030010
PWP2,goP,GO:0030490
PWP2,goP,GO:0000462
PWP2,goP,GO:0000028
PWP2,goP,GO:0000920
UTP13,goP,GO:0000480
UTP13,goP,GO:0000447
UTP13,goP,GO:0000472
UTP13,goP,GO:0030490
UTP13,goP,GO:0000462
NOP6,goP,GO:0030490
NOP6,goP,GO:0042274
NOP16,goP,GO:0042273
NOP16,goP,GO:0006364
IPI1,goP,GO:0000463
IPI1,goP,GO:0006267
IPI1,goP,GO:0030174
IPI1,goP,GO:0000027
IPI1,goP,GO:0006364
REX2,goP,GO:0000467
REX2,goP,GO:0000002
REX2,goP,GO:0034475
REX2,goP,GO:0034476
PXR1,goP,GO:0000494
PXR1,goP,GO:0030490
PXR1,goP,GO:0032211
PXR1,goP,GO:0090069
SGD1,goP,GO:0006972
SGD1,goP,GO:0030490
SGD1,goP,GO:0042274
SGD1,goP,GO:0032774
NAN1,goP,GO:0030490
NAN1,goP,GO:0000462
NAN1,goP,GO:2000234
NAN1,goP,GO:0045943
YTM1,goP,GO:0051276
YTM1,goP,GO:0000466
YTM1,goP,GO:0000463
YTM1,goP,GO:0110136
YTM1,goP,GO:0042273
YTM1,goP,GO:0006364
RCM1,goP,GO:0001510
RCM1,goP,GO:0070475
NIP7,goP,GO:1902626
NIP7,goP,GO:0000463
NIP7,goP,GO:0042273
NIP7,goP,GO:0042255
LAS1,goP,GO:0000448
LAS1,goP,GO:0000460
LAS1,goP,GO:0000470
BCD1,goP,GO:0000492
BCD1,goP,GO:0000463
BCD1,goP,GO:0042254
BCD1,goP,GO:0016074
BCD1,goP,GO:0048254
RPP1,goP,GO:0034965
RPP1,goP,GO:0000460
RPP1,goP,GO:0000294
RPP1,goP,GO:0090502
RPP1,goP,GO:0006364
RPP1,goP,GO:0001682
RPP1,goP,GO:0008033
KAP114,goP,GO:0051028
KAP114,goP,GO:0006607
KAP114,goP,GO:0006606
NOP53,goP,GO:0000460
NOP53,goP,GO:0000463
NOP53,goP,GO:0000027
NOP53,goP,GO:0000055
NOP53,goP,GO:0006364
UTP6,goP,GO:0000480
UTP6,goP,GO:0000447
UTP6,goP,GO:0000472
UTP6,goP,GO:0030490
UTP6,goP,GO:0000462
TSR4,goP,GO:0030490
TSR4,goP,GO:0042274
KRI1,goP,GO:0000447
FCF2,goP,GO:0000480
FCF2,goP,GO:0000447
FCF2,goP,GO:0000472
FCF2,goP,GO:0006396
BUD20,goP,GO:0000055
RPB8,goP,GO:0006366
RIX7,goP,GO:0051973
RIX7,goP,GO:0042273
RIX7,goP,GO:0000055
RIX7,goP,GO:0042254
NOP12,goP,GO:0000463
UTP5,goP,GO:0030490
UTP5,goP,GO:0000462
UTP5,goP,GO:0045943
SAS10,goP,GO:0007049
SAS10,goP,GO:0000480
SAS10,goP,GO:0000447
SAS10,goP,GO:0000472
SAS10,goP,GO:0030490
SAS10,goP,GO:0000462
REX4,goP,GO:0000027
REX4,goP,GO:0006364
RNH70,goP,GO:0000467
RNH70,goP,GO:0002107
RNH70,goP,GO:0034415
RNH70,goP,GO:0034476
MEX67,goP,GO:0006406
MEX67,goP,GO:0051168
MEX67,goP,GO:0016973
MEX67,goP,GO:0000055
MEX67,goP,GO:0000056
MEX67,goP,GO:0055085
POP1,goP,GO:0034965
POP1,goP,GO:0000460
POP1,goP,GO:0000294
POP1,goP,GO:0090502
POP1,goP,GO:0006364
POP1,goP,GO:0001682
POP1,goP,GO:0008033
MTR4,goP,GO:0000467
MTR4,goP,GO:0000460
MTR4,goP,GO:0006397
MTR4,goP,GO:0043629
MTR4,goP,GO:0071028
MTR4,goP,GO:0071031
MTR4,goP,GO:0071042
MTR4,goP,GO:0071035
MTR4,goP,GO:0071038
MTR4,goP,GO:0071051
MTR4,goP,GO:0006401
MTR4,goP,GO:0000292
MTR4,goP,GO:0043631
MTR4,goP,GO:0016075
MTR4,goP,GO:0034475
MTR4,goP,GO:0034476
UTP23,goP,GO:0000480
UTP23,goP,GO:0000447
UTP23,goP,GO:0000472
UTP23,goP,GO:0030490
UTP23,goP,GO:0000462
RRS1,goP,GO:0000447
RRS1,goP,GO:0042273
RRS1,goP,GO:0000055
GSP1,goP,GO:0000467
GSP1,goP,GO:0006997
GSP1,goP,GO:0016973
GSP1,goP,GO:0006606
GSP1,goP,GO:1901987
GSP1,goP,GO:0046822
GSP1,goP,GO:0000054
GSP2,goP,GO:0006997
GSP2,goP,GO:0016973
GSP2,goP,GO:0006606
GSP2,goP,GO:0000054
RNA1,goP,GO:0090630
RNA1,goP,GO:0006913
RNA1,goP,GO:0006606
RNA1,goP,GO:0000054
RNA1,goP,GO:0006404
RNA1,goP,GO:0006407
RNA1,goP,GO:0031509
RNA1,goP,GO:0006409
DIP2,goP,GO:0000480
DIP2,goP,GO:0000447
DIP2,goP,GO:0000472
DIP2,goP,GO:0030490
DIP2,goP,GO:0000462
SMT3,goP,GO:0016925
RAI1,goP,GO:0000448
RAI1,goP,GO:0031087
RAI1,goP,GO:0000466
RAI1,goP,GO:0000463
RAI1,goP,GO:0006397
RAI1,goP,GO:0110155
RAI1,goP,GO:0071035
RAI1,goP,GO:0000956
RAI1,goP,GO:0090305
RAI1,goP,GO:1904595
RAI1,goP,GO:0030846
PRP43,goP,GO:0000466
PRP43,goP,GO:0000463
PRP43,goP,GO:0030490
PRP43,goP,GO:0000462
PRP43,goP,GO:0042273
PRP43,goP,GO:0006364
PRP43,goP,GO:0000390
NOP9,goP,GO:0000480
NOP9,goP,GO:0000447
NOP9,goP,GO:0000472
NOP9,goP,GO:0030490
NOP9,goP,GO:0000056
ECM16,goP,GO:0030490
ECM16,goP,GO:0000462
ECM16,goP,GO:0042254
NMD5,goP,GO:0006606
UBC9,goP,GO:0051301
UBC9,goP,GO:0000022
UBC9,goP,GO:0016925
TRF5,goP,GO:0007049
TRF5,goP,GO:0051301
TRF5,goP,GO:0071044
TRF5,goP,GO:0043629
TRF5,goP,GO:0071039
TRF5,goP,GO:0071042
TRF5,goP,GO:0071035
TRF5,goP,GO:0071036
TRF5,goP,GO:0071037
TRF5,goP,GO:0071038
TRF5,goP,GO:0071051
TRF5,goP,GO:0031123
TRF5,goP,GO:0000292
TRF5,goP,GO:0043631
TRF5,goP,GO:0071050
TRF5,goP,GO:0034475
PAP2,goP,GO:0006284
PAP2,goP,GO:0051301
PAP2,goP,GO:0071044
PAP2,goP,GO:0051179
PAP2,goP,GO:0042138
PAP2,goP,GO:0043629
PAP2,goP,GO:0045910
PAP2,goP,GO:0071031
PAP2,goP,GO:0071040
PAP2,goP,GO:0071039
PAP2,goP,GO:0071042
PAP2,goP,GO:0071035
PAP2,goP,GO:0071036
PAP2,goP,GO:0071037
PAP2,goP,GO:0071038
PAP2,goP,GO:0071047
PAP2,goP,GO:0071051
PAP2,goP,GO:0031123
PAP2,goP,GO:0000292
PAP2,goP,GO:0043631
PAP2,goP,GO:0071050
PAP2,goP,GO:0006400
PAP2,goP,GO:0034475
SOF1,goP,GO:0030490
SOF1,goP,GO:0000462
PSE1,goP,GO:0006406
PSE1,goP,GO:0006606
PSE1,goP,GO:0007088
PSE1,goP,GO:0060188
MPP10,goP,GO:0000480
MPP10,goP,GO:0000447
MPP10,goP,GO:0000472
MPP10,goP,GO:0030490
LSG1,goP,GO:0015031
LSG1,goP,GO:0000027
LSG1,goP,GO:0000054
HRR25,goP,GO:0030242
HRR25,goP,GO:0006281
HRR25,goP,GO:0006897
HRR25,goP,GO:0045132
HRR25,goP,GO:0051455
HRR25,goP,GO:0018105
HRR25,goP,GO:2000370
HRR25,goP,GO:2000785
HRR25,goP,GO:0060628
HRR25,goP,GO:0032880
HRR25,goP,GO:2001159
HRR25,goP,GO:0106214
HRR25,goP,GO:0042273
HRR25,goP,GO:0042274
HRR25,goP,GO:0007165
HRR25,goP,GO:0002098
UTP14,goP,GO:0000480
UTP14,goP,GO:0000447
UTP14,goP,GO:0000472
UTP14,goP,GO:0030490
KAP104,goP,GO:0006606
BFR2,goP,GO:0000462
BFR2,goP,GO:0015031
BFR2,goP,GO:0006364
BFR2,goP,GO:0016192
UTP18,goP,GO:0000480
UTP18,goP,GO:0000447
UTP18,goP,GO:0000472
UTP18,goP,GO:0030490
UTP18,goP,GO:0000292
RRP8,goP,GO:0042273
RRP8,goP,GO:0031167
RRP8,goP,GO:0006364
RRP1,goP,GO:0006364
PUF6,goP,GO:0017148
PUF6,goP,GO:0050821
PUF6,goP,GO:0006417
PUF6,goP,GO:0042273
NSA2,goP,GO:0000460
NSA2,goP,GO:0000466
NSA2,goP,GO:0000470
NSA2,goP,GO:0000463
NSA2,goP,GO:0042273
NOC3,goP,GO:0051301
NOC3,goP,GO:0006270
NOC3,goP,GO:0006267
NOC3,goP,GO:0000027
NOC3,goP,GO:0042273
NOC3,goP,GO:0006364
UTP15,goP,GO:0030490
UTP15,goP,GO:0000462
UTP15,goP,GO:0045943
UTP15,goP,GO:0006364
ULP1,goP,GO:0000086
ULP1,goP,GO:0016926
RRP9,goP,GO:0000480
RRP9,goP,GO:0000447
RRP9,goP,GO:0000472
RRP9,goP,GO:0030490
RRB1,goP,GO:0042254
RRB1,goP,GO:0006364
NOP4,goP,GO:0000463
NOP4,goP,GO:0042273
NAR1,goP,GO:0016226
IMP3,goP,GO:0030490
IMP3,goP,GO:0042274
IMP3,goP,GO:0006364
EBP2,goP,GO:0000280
EBP2,goP,GO:0042273
EBP2,goP,GO:0006364
UTP4,goP,GO:0030490
UTP4,goP,GO:0000462
UTP4,goP,GO:0045943
UTP21,goP,GO:0030490
UTP21,goP,GO:0042274
UTP21,goP,GO:0006364
UTP11,goP,GO:0000480
UTP11,goP,GO:0000447
UTP11,goP,GO:0000472
UTP11,goP,GO:0030490
UTP11,goP,GO:0006364
UTP11,goP,GO:0006412
NOP15,goP,GO:0000463
NOP15,goP,GO:0042273
NOC4,goP,GO:0000480
NOC4,goP,GO:0000447
NOC4,goP,GO:0000472
NOC4,goP,GO:0030490
NOC4,goP,GO:0000028
NOC4,goP,GO:0042274
NOC4,goP,GO:0006364
UTP10,goP,GO:0000480
UTP10,goP,GO:0000447
UTP10,goP,GO:0000472
UTP10,goP,GO:0030490
UTP10,goP,GO:0000462
UTP10,goP,GO:0045943
MAK16,goP,GO:0007049
MAK16,goP,GO:0000460
MAK16,goP,GO:0000466
MAK16,goP,GO:0000470
MAK16,goP,GO:0000463
MAK16,goP,GO:0042273
RSP5,goP,GO:0034644
RSP5,goP,GO:0006325
RSP5,goP,GO:0032511
RSP5,goP,GO:0072671
RSP5,goP,GO:0007005
RSP5,goP,GO:0016973
RSP5,goP,GO:0045807
RSP5,goP,GO:0045723
RSP5,goP,GO:0032436
RSP5,goP,GO:0048260
RSP5,goP,GO:0045944
RSP5,goP,GO:2000397
RSP5,goP,GO:0043161
RSP5,goP,GO:0051865
RSP5,goP,GO:0006513
RSP5,goP,GO:0000209
RSP5,goP,GO:0016567
RSP5,goP,GO:0032956
RSP5,goP,GO:0010794
RSP5,goP,GO:0032443
RSP5,goP,GO:0031384
RSP5,goP,GO:0010793
RSP5,goP,GO:0010796
RSP5,goP,GO:0006808
RSP5,goP,GO:0019220
RSP5,goP,GO:0032880
RSP5,goP,GO:2000203
RSP5,goP,GO:2000232
RSP5,goP,GO:2000238
RSP5,goP,GO:2000235
RSP5,goP,GO:0010795
RSP5,goP,GO:0009410
RSP5,goP,GO:0034517
RSP5,goP,GO:0070086
RSP5,goP,GO:0006511
RSP5,goP,GO:0043162
KAP95,goP,GO:0051170
KAP95,goP,GO:0051028
KAP95,goP,GO:0006607
KAP95,goP,GO:0051292
KAP95,goP,GO:0006656
KAP95,goP,GO:0006606
KAP95,goP,GO:0006612
KAP95,goP,GO:0046822
KAP95,goP,GO:0060188
DRS2,goP,GO:0032456
DRS2,goP,GO:0006897
DRS2,goP,GO:0006886
DRS2,goP,GO:0045332
DRS2,goP,GO:0006892
DRS2,goP,GO:0000749
CKB2,goP,GO:0006974
CKB2,goP,GO:0030490
CKB2,goP,GO:0042790
CKB2,goP,GO:0006468
CKB2,goP,GO:0051726
CKB2,goP,GO:0080163
CKB2,goP,GO:0060962
CKB2,goP,GO:0006356
CKB2,goP,GO:0006359
CKB2,goP,GO:0000028
UTP7,goP,GO:0000480
UTP7,goP,GO:0000447
UTP7,goP,GO:0000472
UTP7,goP,GO:0030490
UTP7,goP,GO:0000462
NOP7,goP,GO:0000466
NOP7,goP,GO:0000463
NOP7,goP,GO:0000462
NOP7,goP,GO:0042273
NOP7,goP,GO:0006364
BRX1,goP,GO:0000464
BRX1,goP,GO:0000465
BRX1,goP,GO:0000027
TSR1,goP,GO:0000479
TSR1,goP,GO:0000461
TSR1,goP,GO:0000462
ENP2,goP,GO:0000462
ENP2,goP,GO:0042274
BMS1,goP,GO:0000480
BMS1,goP,GO:0000479
BMS1,goP,GO:0000472
BMS1,goP,GO:0030490
BMS1,goP,GO:0000462
BMS1,goP,GO:2000232
BMS1,goP,GO:0042274
CRM1,goP,GO:0006406
CRM1,goP,GO:0051168
CRM1,goP,GO:0006611
CRM1,goP,GO:0034501
CRM1,goP,GO:0000055
CRM1,goP,GO:0000056
MRD1,goP,GO:0000480
MRD1,goP,GO:0000447
MRD1,goP,GO:0000472
MRD1,goP,GO:0030490
MRD1,goP,GO:0071028
MRD1,goP,GO:0016973
MRD1,goP,GO:2000815
MRD1,goP,GO:0034462
SSF1,goP,GO:0000463
SSF1,goP,GO:0008361
SSF1,goP,GO:0000027
SSF2,goP,GO:0000027
SSF2,goP,GO:0006364
RRP12,goP,GO:0000462
RRP12,goP,GO:0042254
RRP12,goP,GO:0006364
ESF2,goP,GO:0000480
ESF2,goP,GO:0000447
ESF2,goP,GO:0000472
ESF2,goP,GO:0030490
ESF2,goP,GO:0034462
REI1,goP,GO:0007117
REI1,goP,GO:0000278
REI1,goP,GO:0006913
REI1,goP,GO:0042273
PWP1,goP,GO:0006364
NOC2,goP,GO:0000027
NOC2,goP,GO:0042273
ESF1,goP,GO:0030490
ESF1,goP,GO:0006364
NOP14,goP,GO:0000480
NOP14,goP,GO:0000447
NOP14,goP,GO:0000472
NOP14,goP,GO:0030490
NOP14,goP,GO:0000462
NOP14,goP,GO:0000028
NOP14,goP,GO:0042274
NOP14,goP,GO:0006364
UTP22,goP,GO:0030490
UTP22,goP,GO:0000462
UTP22,goP,GO:0042790
UTP22,goP,GO:0006468
UTP22,goP,GO:0060962
UTP22,goP,GO:0000028
UTP22,goP,GO:0006364
UTP22,goP,GO:0006409
RPF2,goP,GO:1902626
RPF2,goP,GO:0000466
RPF2,goP,GO:0000463
RPF2,goP,GO:0000027
KAP123,goP,GO:0051028
KAP123,goP,GO:0006607
KAP123,goP,GO:0006606
KAP123,goP,GO:2000220
UTP20,goP,GO:0000480
UTP20,goP,GO:0000447
UTP20,goP,GO:0000472
UTP20,goP,GO:0030490
NAP1,goP,GO:0007117
NAP1,goP,GO:0006607
NAP1,goP,GO:0006334
NAP1,goP,GO:0006337
NAP1,goP,GO:0043085
NAP1,goP,GO:2000617
NAP1,goP,GO:0031116
NAP1,goP,GO:0071902
NAP1,goP,GO:0032968
NAP1,goP,GO:0098841
NAP1,goP,GO:0042274
NAP1,goP,GO:0000921
NAP1,goP,GO:0000920
ERB1,goP,GO:0000466
ERB1,goP,GO:0000463
ERB1,goP,GO:0042273
ERB1,goP,GO:0006364
UTP25,goP,GO:0030490
UTP25,goP,GO:0000462
UTP25,goP,GO:0042274
MAK21,goP,GO:0000027
MAK21,goP,GO:0042273
ENP1,goP,GO:0000447
ENP1,goP,GO:0030490
ENP1,goP,GO:0016973
ENP1,goP,GO:0006364
SDA1,goP,GO:0007049
SDA1,goP,GO:0015031
SDA1,goP,GO:0042273
SDA1,goP,GO:0000055
SDA1,goP,GO:0007089
BMT5,goP,GO:0070475
URB1,goP,GO:0000466
URB1,goP,GO:0000463
URB1,goP,GO:0042273
NOP13,goP,GO:0097010
NOP13,goP,GO:0001731
BCP1,goP,GO:0006611
BCP1,goP,GO:0000055
BMT2,goP,GO:0008150
LTV1,goP,GO:1904669
LTV1,goP,GO:0034599
LTV1,goP,GO:0032456
LTV1,goP,GO:0030490
LTV1,goP,GO:0015031
LTV1,goP,GO:0006970
LTV1,goP,GO:0042274
LTV1,goP,GO:0000056
SQT1,goP,GO:0000027
SQT1,goP,GO:0042273
SXM1,goP,GO:0006406
SXM1,goP,GO:0006606
AFG2,goP,GO:0034214
AFG2,goP,GO:0009410
AFG2,goP,GO:0042273
URB2,goP,GO:0042273
URB2,goP,GO:0042254
URB2,goP,GO:0016072
URB2,goP,GO:0006364
NPL3,goP,GO:0000398
NPL3,goP,GO:2000805
NPL3,goP,GO:0017148
NPL3,goP,GO:0032968
NPL3,goP,GO:0042254
NPL3,goP,GO:0006415
RRP43,goP,GO:0043928
RRP43,goP,GO:0000467
RRP43,goP,GO:0006402
RRP43,goP,GO:0006397
RRP43,goP,GO:0070651
RRP43,goP,GO:0071028
RRP43,goP,GO:0071042
RRP43,goP,GO:0071035
RRP43,goP,GO:0071038
RRP43,goP,GO:0070478
RRP43,goP,GO:0034427
RRP43,goP,GO:0070481
RRP43,goP,GO:0071051
RRP43,goP,GO:0006401
RRP43,goP,GO:0006396
RRP43,goP,GO:0016075
RRP43,goP,GO:0016072
RRP43,goP,GO:0043628
RRP43,goP,GO:0034473
RRP43,goP,GO:0034475
RRP43,goP,GO:0034476
FAF1,goP,GO:0000462
RMP1,goP,GO:0000460
RMP1,goP,GO:0000466
RMP1,goP,GO:0000294
RSA3,goP,GO:0000027
RSA3,goP,GO:0042273
HCR1,goP,GO:0002181
HCR1,goP,GO:0001732
HCR1,goP,GO:0000462
POP7,goP,GO:0034965
POP7,goP,GO:0000460
POP7,goP,GO:0000294
POP7,goP,GO:0006364
POP7,goP,GO:0001682
POP7,goP,GO:0008033
LRP1,goP,GO:0000467
LRP1,goP,GO:0000460
LRP1,goP,GO:0071028
LRP1,goP,GO:0071039
LRP1,goP,GO:0071035
LRP1,goP,GO:0071051
LRP1,goP,GO:0000973
LRP1,goP,GO:1901917
LRP1,goP,GO:0010468
LRP1,goP,GO:0034475
LRP1,goP,GO:0034476
LOC1,goP,GO:0000480
LOC1,goP,GO:0000447
LOC1,goP,GO:0000472
LOC1,goP,GO:0008298
LOC1,goP,GO:0051028
LOC1,goP,GO:0017148
LOC1,goP,GO:0050821
LOC1,goP,GO:0042273
LOC1,goP,GO:0000055
NOP8,goP,GO:0000463
NOP8,goP,GO:0042273
POP8,goP,GO:0034965
POP8,goP,GO:0000460
POP8,goP,GO:0006379
POP8,goP,GO:0000294
POP8,goP,GO:0001682
POP8,goP,GO:0008033
MPP6,goP,GO:0000467
MPP6,goP,GO:0071031
MPP6,goP,GO:0071030
MPP6,goP,GO:0071039
MPP6,goP,GO:0071035
POP3,goP,GO:0034965
POP3,goP,GO:0000460
POP3,goP,GO:0000294
POP3,goP,GO:0090502
POP3,goP,GO:0006364
POP3,goP,GO:0001682
POP3,goP,GO:0008033
BUD21,goP,GO:0000447
BUD21,goP,GO:0000472
BUD21,goP,GO:0030490
BUD21,goP,GO:0000462
SNM1,goP,GO:0000460
SNM1,goP,GO:0006397
SNM1,goP,GO:0030541
SNM1,goP,GO:0006364
SNM1,goP,GO:0008033
SLX9,goP,GO:0030490
SLX9,goP,GO:0000462
SLX9,goP,GO:0000056
POP6,goP,GO:0034965
POP6,goP,GO:0000460
POP6,goP,GO:0000294
POP6,goP,GO:0006364
POP6,goP,GO:0001682
POP6,goP,GO:0008033
UTP9,goP,GO:0030490
UTP9,goP,GO:0000462
UTP9,goP,GO:0045943
FYV7,goP,GO:0030490
FYV7,goP,GO:0000462
CGR1,goP,GO:0042254
CGR1,goP,GO:0006364
NOP19,goP,GO:0000480
NOP19,goP,GO:0000447
NOP19,goP,GO:0000472
NOP19,goP,GO:0030490
NOP19,goP,GO:0000462
RSA1,goP,GO:0000492
RSA1,goP,GO:0000027
MTR2,goP,GO:0006406
MTR2,goP,GO:0006913
MTR2,goP,GO:0016973
MTR2,goP,GO:0006606
MTR2,goP,GO:0000055
MTR2,goP,GO:0000056
ECM1,goP,GO:0000055
ALB1,goP,GO:0042273
RIX1,goP,GO:0006267
RIX1,goP,GO:0030174
RIX1,goP,GO:0000027
RIX1,goP,GO:0006364
UTP8,goP,GO:0030490
UTP8,goP,GO:0000462
UTP8,goP,GO:0045943
UTP8,goP,GO:0006409
PIH1,goP,GO:0000492
PIH1,goP,GO:0006397
PIH1,goP,GO:0006457
PIH1,goP,GO:0050821
PIH1,goP,GO:0008361
PIH1,goP,GO:0008380
PIH1,goP,GO:0006364
NSA1,goP,GO:0042273
NSA1,goP,GO:0006364
SHQ1,goP,GO:0000493
NGL2,goP,GO:0006364
SYO1,goP,GO:0006606
SYO1,goP,GO:0042273
